PC_1,PC_2,PC_3,PC_4,PC_5,PC_6,PC_7,survived
-1.3685485384096219,0.3722224740156915,0.3003505764425598,0.6777143097395367,0.4494439406990117,-0.06128523100456691,-0.5452186440791196,0
2.06973775252108,-0.18306860687915932,-1.1203928645749943,-0.8515008503421021,-1.571623510170061,-0.4844474055581477,-0.1344248400375997,1
-1.0879711515228958,-0.41488810351122046,-0.9745910500876229,-0.8351527141674518,0.8563905894730022,0.6461255797720041,0.1492828985854846,1
1.0990261496539808,0.059651877171354235,-0.012447995432737754,-1.6621922111784162,0.30390097499587254,-0.7857339126055571,-0.10606320270240786,1
-1.275985012263839,-0.8093014757259891,0.6561399323776071,0.3535751752493343,0.27734818226942287,0.5769267750299983,-0.06726454310893405,0
-1.084671582149297,-0.7736305764185003,-0.2305896113999109,0.9882019281372085,-0.447833303927373,0.3955014279925027,0.04797247105622003,0
1.1997439370359615,-1.516870373497577,1.8568725625902975,-0.6022726676257569,-0.2404011392588027,-0.17537295594794375,0.253584194419101,0
-1.0349652707129118,2.9982071317156747,-0.12815874687057077,1.169476418680857,0.6519090300532437,-1.0622497918177651,-1.7522147989790373,0
-0.9859210333550529,0.3233109841416625,-0.8610644385405586,-1.0074455388788601,0.657194208268804,0.5868944921729295,-0.15473537649072286,1
0.34589591238307643,0.40655831137094584,-2.2950263006368457,0.04065834334528562,-0.9269233944857204,-0.6317300094929702,-0.03192687858990419,1
-0.9911197844568982,1.3283768056200287,-1.6213642529444054,-0.22422377399340232,1.3132156904180683,-0.2706051049237256,-0.39543102253450846,1
0.6642350874285889,-1.3676036518872852,0.6830511901667016,-2.4572054151452947,-0.37644612493420926,0.04916122456165625,0.3698775413916584,1
-1.394136521266822,-0.5164814298363506,0.08987933040187984,0.8577205491148413,0.7778417643686094,0.09461192786964795,0.10879824432167902,0
-0.44015839768855236,4.207549955644805,2.022615346469424,-0.030289332990666742,-0.9654427946472977,1.4579747188954946,1.8496266494725644,0
-1.1848139541390819,-0.18060780654529673,-1.427694680061109,-0.4324808991966655,1.2559946699923226,0.25953535586337984,0.29028023414706433,0
-0.1500487909758862,-1.1445992103433142,0.34332617739845556,-2.094369873143541,-0.20761085859418765,0.7527441878106642,0.1095637025366717,1
-0.4569489009649006,6.098259213307845,0.26519794443979033,1.6014643852069301,-1.0812544217786921,-0.11068610186208504,0.9932627878194832,0
-0.7240978223087984,-0.8351736631797899,0.6108320155763656,0.275860403945089,0.3796273252361833,-0.5065996825113075,0.3220599599045917,1
-0.7503115036282478,0.4255671815895354,-0.6360085464657392,-1.0437664106334072,0.5186712825031251,0.6625039655740244,-0.5762663512218721,0
-0.6290466874048789,-0.6553680106031072,-2.146076993454412,-0.11745970631784748,-1.1447715367882492,0.7819280133868431,0.1951077556180189,1
-0.24267880766393046,-0.976277584379837,0.8925577132746277,0.1589300427662068,0.29126431856694107,-0.14594738173942315,0.21288640737821762,0
-0.6768372187076053,-0.9523016815356453,0.8373362563666564,0.07420225439888614,0.17942989239650867,-0.3136737436471674,0.2516348449323464,1
-0.9381365018506256,-0.301027656044091,-2.0127321022208475,-0.06885538165816055,0.26127747987038524,0.3329115973131804,0.3121018371128817,1
0.4584069576129933,-1.0037088700916799,0.8533645590117427,0.12263338944738546,0.4443636942756671,-1.1820236257134267,0.5927570889545124,1
-0.7247010390095932,3.0997576256710784,-1.1924611393782507,-0.5222589842172213,0.7318540153978006,-0.5094325626196042,-1.7119898650843863,0
-0.18256535838898746,4.44596316802526,0.6942135762442346,-1.4862131196516253,-0.651228154975135,1.7862103783851029,1.9715342555089914,1
-0.8920503155070044,-0.8740465229143661,-0.855270360156441,1.372617547034028,-1.4249139549724805,0.4220367230528224,0.08445770675112281,0
5.490346713588179,5.4263089797193675,2.177415452993926,1.0985469156544305,0.5935221630983498,-0.1978740681445645,0.90074281542495,0
-0.8406571617326444,-0.5547536303047726,-1.5221744994200708,-0.507146804802658,-0.17415901690377308,0.7493535054305182,0.159825752449336,1
-1.3361787392450042,-0.6725992829661965,0.39167775481455763,0.5874393518166035,0.5091895506434437,0.3502384200697298,0.015218482072741277,0
0.76396578573622,-1.4369763898158534,0.04987191946140247,0.439788351531176,-1.9695304006290546,-0.7985042357980562,0.5359156538651972,0
3.9810369579791964,0.0846402721767306,-1.3950789708607987,-0.01790028887585605,-0.6123975434282707,-0.28451428972956805,-0.26942830294644576,1
-0.8448937454538724,-0.5547093587674233,-1.5223481317980834,-0.5083228972957825,-0.17560208812800648,0.748006127937574,0.16009419942289432,1
-0.5067579053557562,-1.5761277987056783,2.041999114278415,-1.0240650841984948,-0.9162129542183672,0.6891930510454799,-0.11877136086986768,0
2.0159458919975863,-0.1960430435713921,-0.19221424000864562,1.0466662870675107,-1.4275792211277583,-1.090419907317261,-0.16422101446218662,0
0.8620643806612905,-0.29673590105826364,1.5411103050702168,-0.41465648575708564,-0.21895108508276984,-0.9281691174656653,-0.2951860166890404,0
-0.8919125937451688,-0.874047962081989,-0.8552647157602519,1.3726557791429377,-1.4248670439884108,0.4220805232499614,0.08444898014671921,1
-1.3862597539999564,-0.5360027662289931,0.1276300372002617,0.8241108575238075,0.7444755255619969,0.12676625101367134,0.09706072515963816,0
-0.8087167751838858,1.605184235956497,-0.9907511726621728,-0.7092319190162932,0.7032709208621698,0.03700679021992195,-1.0542868332751152,0
-0.5968521698065392,0.5492408068153248,-2.533053204319107,0.27419388518361354,-0.8969058188402057,0.14783204478944878,-0.2862128443950721,1
-0.9049108143557915,0.24166084248933034,-0.30790260825389393,-1.4026247076008476,0.14749386382065194,0.892805505729791,-0.6533075388174802,0
-0.25775754975921245,0.3457178136258671,-0.5706168113601455,-1.2475322003075535,0.4905073187617145,-0.35538797471931477,-0.22193275820653335,0
-0.870054182688121,-0.874276378543266,-0.8543688694507862,1.378723760999879,-1.4174216006596647,0.4290322402530304,0.08306394336209107,0
0.5149291998137046,1.398967478682489,-2.622957181417153,0.30376950461615243,-0.6828446536021473,-1.0512992170755344,-0.23462293674038334,1
-0.9115480671344341,-0.3790616027709895,-1.8619308606055072,-0.2046595804833537,0.1261371323557388,0.45996459713430793,0.26546342490770386,1
-1.3311223831318977,-0.672652120977491,0.3918849847889345,0.5888430163865709,0.5109118539157099,0.35184651302183484,0.014898091025352042,0
-0.8700093183403093,0.16220524164525824,-0.0848938920221522,0.9262510157347803,-0.6454642909312872,0.2282189419581046,-0.6093950460158124,0
-0.437287526259096,0.9947623194829388,-0.5634281754691477,1.2573070499280474,-1.8100553425403199,0.09866394885976099,-1.2283739180215603,0
-0.8579995711445222,0.6791518435720958,-1.1270410585508281,-0.6081629084578419,0.9507694833076097,0.24311155078640245,-0.4230077168399681,0
-0.41589150154499455,6.120866562827235,1.0915696479712484,1.0900807948861877,-0.21706023255941706,0.05926945344061441,0.8562314944842867,0
-1.394457477918741,-0.5359171014895403,0.12729406123661569,0.8218351367553777,0.7416832050816692,0.12415909642206127,0.0975801658979475,0
2.3004287810805004,-0.3925558797073679,-0.6976926219368556,-1.1851967570183146,-1.8933721012480174,-0.09300393916673033,-0.2818054214258092,1
-0.10975168904991926,0.3114929188854044,-0.48828230511024917,-1.2816893707927675,0.4653474331854171,-0.2564239805483099,-0.2621799284149317,1
1.732818884441721,-1.4860757107626748,1.0766509588196962,-0.3084186494273173,-2.677624250843426,0.10938407939554343,-0.04116142046141737,0
-0.5982088042625797,-0.47898914872550424,-0.9475893249467374,-1.001706215953849,0.8654102102634238,-0.39786020010155027,0.5200670502888673,1
-0.8879742101117362,-0.8838086302783104,-0.836389362361061,1.3558509333474207,-1.4415501633917172,0.4381576848219731,0.07858022056569876,0
-0.25738905571825504,1.539244747003353,-1.3204654474377508,-0.6289586779958486,1.0817904299217111,-1.1374513874971035,-0.27072678619389345,1
-0.1252974821192288,7.348833995554416,1.4240710178401856,0.8287176657771071,-0.627117279818819,-0.015577830252406099,0.017679434212893173,0
-0.9391731973463621,-0.7569199437261337,-1.0817689565505426,1.5743139286891406,-1.2246696111487363,0.22915458438582126,0.15487409511896444,0
2.2593731159274673,-0.9954920453294576,-0.0001312847734305387,-1.298462483034307,0.8878767698921197,-0.036515586632589206,0.4935714947819302,1
1.7182230757370505,-0.3249719974440346,1.6973767437168323,-0.30735893160349226,-0.05735033463014885,-0.6135507331103734,-0.43597914438693625,0
-0.7419716290185292,5.609520499564372,0.8617132741616529,1.1545258622435957,-0.04014598258281258,0.0586348204613435,1.4306333669902198,0
0.6694445785338337,-1.2027203531041426,-0.40313656211917936,0.8431046506235818,-1.5691355349497051,-1.1843561135263367,0.6767658838096877,0
-0.6343472901603061,0.43747475600072055,-0.6725856279784856,1.2420966759578682,-1.7050347840620064,0.21161739748723413,-0.7144392218469222,1
-0.5351946661276554,-0.6351598398666447,-0.6455836705596829,-1.2705837486821192,0.5984802998105243,-0.1406256149493634,0.4261668969925406,1
-1.3984620345320697,-0.49699720340883907,0.052274168390949394,0.892316082942759,0.8124176364072998,0.06358702409471004,0.12031074175588426,0
-0.7408421429496878,6.456275525860489,0.16995398653643007,-0.9597852557475048,-0.554941458362029,0.556834298224045,0.8492711958096822,1
-1.235952894539366,1.2172722391663018,0.5892296150639441,0.45797561555909794,0.08744722803317063,-0.11948265652493331,-1.2235414642383415,0
-0.7745679924291842,-0.9124023613558314,0.7584750831334334,0.11866442989665478,0.21823916520645567,-0.40405393585131427,0.2803042906395219,0
0.17708998231722423,7.469905825902463,0.3220179185341237,-0.8294080455299374,-0.5138060556676498,0.5050850758017315,0.06964188726958495,0
1.2046139951690626,-0.7192551753788865,0.42788325119001314,1.06185267104236,1.2889325531217941,-0.10074853334984685,0.2785179353680075,0
-0.6803624711384795,0.0994016801861536,-0.784847827410917,1.3821973111008121,-1.5507327123200603,0.1960586931985086,-0.5484892179421321,0
0.28896585963422206,-0.7673378538864047,0.6079943093408575,0.8954007028352395,0.9185516967927153,0.9856865652548105,-0.13271087410276583,1
-1.36786904320255,-0.6139510482164389,0.2780953028519555,0.6860309379301843,0.6065428575670228,0.2512120962431886,0.05094175369276964,0
-0.5755283625646478,0.47967527179681796,-0.32134685338036945,1.1074660022404688,1.1952250570680858,-1.4215378354709753,0.29169646273295347,1
-0.9072655071335504,-0.49453254733983293,-0.8174734603557394,-0.928173362546163,0.7737458669885182,0.8221930859153997,0.09287900050009036,1
-1.3472316358417087,-0.5558496286315566,0.16665745266049803,0.7991489048528074,0.7217201045806302,0.16882776160581267,0.08334933119202166,0
-1.2756988171360804,-0.6926703128589603,0.4315843521764628,0.5684325052524305,0.49374107389499866,0.3991223327971963,0.00014781558111677512,1
-0.8436640868660548,-0.5547222084783413,-1.5222977354035363,-0.507981539180518,-0.1751832400559573,0.7483972011263155,0.16001628331214784,1
0.8387813474446077,-1.0076837140022932,0.8689538437249148,0.22822683310253253,0.5739273645628763,-1.061051652662722,0.5686550386969571,0
-0.6297158733300418,-0.400903803154934,-1.0985921521402644,-0.8672674495897137,0.9988751654898734,-0.5264774926776437,0.5670171269370309,1
-0.6776038094796717,2.2308094024105807,-0.29150480064963674,-1.3198369982303015,-0.052627180620565275,0.31118137462743367,-1.8485434317039713,1
-0.7044763414384,1.6515723216016969,0.21807496190135395,0.8109914010186751,0.5773622407448856,-0.24772965208246475,-0.9921085774500101,0
5.784857410757767,5.566902146460055,1.037611646889482,-0.52596910406158,0.7401996260561314,0.2906345147655498,0.9644427876436824,1
-1.3626294521993598,-0.5945667754069208,0.2408821575954072,0.7232817827507061,0.6443768091421597,0.2232292204457414,0.06184816767351552,0
-1.323245615865032,-0.6921734573701337,0.42963569158731635,0.555233324795537,0.4775456151090975,0.3840008361658582,0.003160571863311159,0
-1.4005569786400143,-0.5164143372124111,0.08961619402715235,0.855938204609007,0.7756548189684166,0.092570004393499,0.10920507030792288,0
1.136254468260909,-0.36598062391658487,1.7046518572822424,-0.4884260918224941,-0.2761303339214577,-0.7359592615243435,-0.3729129553449249,0
-0.9667259923057004,1.0598439945551037,0.5409243450614479,0.47484711579770206,0.23811426552185316,0.050782996711923004,-0.9166634936751611,0
-1.1131753143991776,-1.2775394219831613,1.5610817724551038,-0.46033972939445267,-0.5323769746263243,1.3402876357934066,-0.3473027926353248,0
1.2354979670830615,-2.044513609605863,1.2294616531966105,-0.5389981582875448,-2.9264427043608214,0.27058556424854324,0.15764659818195337,0
1.4384724958391122,-0.6648507427313642,-0.5069940230967539,1.1123076169021493,-1.264775668630078,-1.23153885460036,0.4471882949279671,1
-0.1902094310095227,-0.33729192113424256,-0.40394536469900705,-1.4475857092146671,0.42596191993375637,0.033597841288679584,0.17881232227066174,1
-0.3333714808177169,-0.004792275389067436,0.9912778621796309,0.04033942460393894,0.018373820968123643,-0.45554365516221396,-0.43151757309203215,0
-1.0731751111428787,-0.4539207706549375,-0.899128878483413,-0.902637901535272,0.789331968827675,0.7101297104037507,0.12586853093963735,0
1.3250282251014258,-0.41070941558062163,0.6825870904086295,0.4803486255203443,0.8443825500864095,-1.2780970667254472,0.3560933960740942,0
-1.2719262876306507,-0.7704658374830137,0.581450505489783,0.42629452038454335,0.350829140019504,0.5189190999589546,-0.045044889161198434,0
-1.1672569835649007,1.001505805504623,1.00347392465528,0.08400456498296756,-0.2850115601345062,0.22996304832409165,-1.3498664391428798,0
-1.1363724841678868,-0.3171871903346095,-1.1637141576395422,-0.6696075490575558,1.0201502309777037,0.4824860940011162,0.20854187920782924,1
-1.340139879442561,-0.6725578897640929,0.3915154112289239,0.586339723541298,0.5078403013873494,0.34897864297106385,0.015469475837492377,1
-1.257411066576349,-0.8678126468926222,0.7691848227983759,0.2513424359062655,0.17552716257731948,0.6717816515099634,-0.10215670954766741,0
-0.3782091659544616,0.3892185099740599,-1.3638792750302033,-0.5066286096515378,-0.2934012885231712,0.6480639841296432,-0.5277607853087841,1
1.1491153143232344,-1.380268134355778,1.5928024017816302,-0.36575318006588386,-0.005301691348335369,-0.39901928293072175,0.335461136147317,0
-0.5079416666053077,0.5425755610128019,-2.5097875888902785,0.27863151104582523,-0.8868785478597859,0.18617526737626094,-0.302857698711766,0
-1.3783829867330908,-0.5555241026216357,0.16538074399864347,0.7905011659327738,0.7111092867553845,0.15892057415769467,0.08532320599759731,0
-1.053188496860813,0.632424814805319,-1.062438427735811,-0.7281165208913914,0.8177287213954855,0.2521449172011308,-0.4197312048085648,0
-0.4785047416534156,-0.4431118653235767,-2.551613908485251,0.31809078532066015,-0.6969521429940926,0.5036637840325572,0.3091913836308156,0
-1.3903586159593488,-0.5359599338592668,0.12746204921843876,0.8229729971395927,0.743079365321833,0.1254626737178664,0.09732044552879283,0
-0.7731347647142127,-1.6030446677659913,1.372863540431115,-0.44665753656284396,-1.8738096555932664,1.7546735712245454,-0.4494004138307387,0
-0.5050076433276067,0.08799662852932301,0.795691235534589,0.17532566986225415,0.14363242296425832,-0.6509706187652888,-0.3560578453975112,0
6.3175330669673695,-0.5069212692880873,-0.21756343115186277,2.2964618744679837,0.23308058876344015,0.07705856944272046,-0.18230877186316688,0
-0.34712461069467027,6.793380388172461,-0.36401722440231216,-0.3427763389284369,0.09208275137092023,0.17802580836070872,0.9257152052393495,0
0.7473223831539905,1.2447586398890615,0.7018698376947479,0.6428917869557114,0.5450999586703547,-0.8165196782404096,-1.092491581383361,0
0.2286124787179633,-0.17326492420420056,-0.3058315915688113,0.9089563022630356,-1.8243412305922817,-0.3967663216625592,-0.3597210319545563,0
-0.42564874150577814,-0.7043411646354224,-0.510096437128887,-1.3654604615664385,0.5096216687906587,-0.002013938029181524,0.37989117254230387,1
1.5849615449079884,-1.054913516537826,1.9283604147552298,-0.6287711969837713,-0.2567033305318006,-0.2170044029726764,-0.031244736273254456,0
-0.8756093324423956,0.369604967289351,-1.3177479846179,1.831490521717557,-1.110315759411212,-0.27636789183261895,-0.37338785493788645,1
-1.107897373555998,-0.7733878710786825,-0.23154149850011266,0.9817543560560927,-0.45574450631223773,0.3881148376035531,0.0494441505559982,0
-1.3924134227410887,-0.5942555382755407,0.23966148972428863,0.7150136340548467,0.6342317503730328,0.2137569063835038,0.06373539976394114,1
-0.1982468319083404,0.6661033746161372,-1.9536183342662572,-0.2068539992662518,-1.3725235222028445,0.6125138149288308,-0.6306742867856461,1
-1.232467552445958,-1.0041464812727672,1.032202303717748,0.007692660034747717,-0.06832118386211085,0.8872592417263088,-0.18240613955461238,0
-0.8306703463537933,-0.9718830605064789,-0.6656153354588771,1.21067530304471,-1.584252794692727,0.5898038559731472,0.024376347551886737,0
-1.426927416941961,-0.5161387708785392,0.08853542654729607,0.8486176660411218,0.7666724824472982,0.08418330950320785,0.11087600727491655,0
-0.716859855681293,0.10985335467587894,-0.036780402548822984,-1.6046650249777457,-0.044289352828523004,1.1527143923603271,-0.7523261654955045,0
-0.747728124109395,-0.7766096540018622,0.4975798951812201,0.3766894787181904,0.4797260416560206,-0.6030626519433776,0.3572725173907143,0
-0.23027348771404338,-0.9399450884895375,-0.8212187841751798,1.2538159492757492,-1.357302515079245,-0.5672426105940606,0.44434232955441233,0
0.20918945756216156,0.17902516559856924,-0.7176616996601226,-1.367049993690372,0.6625275684682356,-1.40313272317667,0.5167916579023447,1
0.8517760560855866,-0.19806930792518995,1.3538600514619967,-0.2393343410086088,-0.04297392080158366,-1.081316556651531,-0.24018828989338573,0
-1.387386452350099,-0.43879586447185903,-0.05955556416450454,1.0027796491610852,0.9243379208126529,-0.021838295658319858,0.1533241949323002,0
2.3259865861059965,-1.142274816554541,-0.4849562940018162,1.446152555316342,-0.8606848818396949,-0.7761164754927885,0.6167543858355461,0
-0.4118338446467746,0.10786577708243884,-2.0637089992652435,-0.2259911302426258,-1.2725031298742173,0.7215521026679027,-0.11417260561481808,0
-1.1252166273335074,-0.33674279262303325,-1.1258290604557024,-0.7023069523412175,0.9879009203632223,0.5156832789817836,0.19659658375046463,1
-0.8623173747517983,0.5601448917787597,-0.9032017238952591,-0.8227153209558178,0.7343587395735333,0.42252190397618883,-0.4868917003773299,1
-1.2115791746329267,-0.597353184587088,-0.572641763540133,1.2751386973016776,-0.16661763897403703,0.08829731094090279,0.15715958596760354,0
-0.8520518384901624,-0.6394463108166472,0.23130909181067183,0.5983029952448476,0.6965357904203409,-0.8437858415012011,0.4425517959548565,0
-0.20330565846838838,0.6841020243723559,0.4755502003271484,0.5196012505130582,0.4936339738613098,-0.9426567439459081,-0.4404856794049279,0
-1.3473345960793834,-0.653043680677773,0.3537926576307175,0.6201387551002653,0.541438861257925,0.31704123508906235,0.02716377753010589,1
-0.4561199016157395,2.5551876798909947,-1.2366698809965022,-0.46580745834734555,0.9386790945718462,-0.2629620386032549,-1.2889124618140355,0
-0.36757503942086484,-0.22084767872241137,1.021098287849988,-0.10873858389547081,-0.017037472872010396,-0.29188878886358843,-0.11564090322282862,0
-0.613823080572681,-1.1084723726767856,1.1393419107537113,-0.1946752783293843,-0.08750001805639078,-0.05643915849498056,0.1577346916360194,0
-0.5585078506165823,-1.2840016372056082,1.4784599176082205,-0.5014863721087054,-0.3931015762285255,0.22799615607717066,0.05308395658043942,0
1.3537094558587466,0.3264372509967279,-0.4847578336482432,-1.1359982462134715,0.8499080779815382,-1.110170674193874,0.0012397903164684948,1
-1.1145112832930957,-1.2094888717751615,1.4300294217444347,-0.33542350236685875,-0.406659713266132,1.2360903994824768,-0.30788368593077187,0
-1.06065296443492,-0.1541956892742489,0.944003222309238,0.04836813290902788,-0.04860365545666154,0.6804963303898074,-0.43656799557759673,0
-1.3553056686923128,-0.6723994099961051,0.3908938556961789,0.5821296401197027,0.5026745084987428,0.34415540697658514,0.016430441203364718,0
1.606673863564536,-1.2133551346310576,0.5473210925239743,0.15814956732353377,-2.2154856185952827,-0.34493508636673853,0.12517650363327293,0
-0.9399625606140337,-0.3204475996511172,-1.975379056573037,-0.10515861635070796,0.22460625054325684,0.3619800922825742,0.3009791280087038,1
-1.3153688485981665,-0.7116947937627762,0.467386398385698,0.5216236332045032,0.4441793763024851,0.4161551593098815,-0.008576947298729695,0
-1.311037959530875,-0.6728619995891507,0.392708125899867,0.5944185322692243,0.5177530390925129,0.3582340417712794,0.013625461216494064,0
0.71604178420616,9.821186441810541,2.504921345095744,0.0906620238726075,-1.7641508662718632,0.05251719846916459,-2.154422216725649,0
-1.001663223796429,-0.5970069507126501,1.0426439620142174,0.01881065836160603,-0.05864058913754243,0.8574932587634305,-0.3435141717140512,0
-0.27639802389765394,-0.8516934997142233,-0.22327040054091776,-1.5925002200464635,0.2900904030246711,0.2678221860587038,0.2861459307055941,1
-1.355893413976292,-0.6335152169788079,0.31601399763216026,0.6535591067233656,0.5745727790005742,0.28466999668301707,0.038944514161574115,0
-1.3976823994663958,-0.45812729927008244,-0.022549648882333077,0.9641251397705962,0.8847816659652497,0.004536487187022467,0.14273817199894356,0
-0.46315210514618765,6.237994581183091,0.8650654071809575,1.2917389444323903,-0.0168627997197425,-0.13365648542352557,0.9266566094565319,0
-1.162140778100019,0.4691551438929444,-0.23686454655171196,1.1419117495864843,1.046794523632327,-0.29762939826757595,-0.08961052660302614,1
1.053654480144042,-0.3501555036526561,-0.3744231058020074,-1.3923712820649936,0.7056514676197497,-0.8476017275715488,0.4593425886810457,1
-0.23700090815210467,3.931249237318205,0.9180521436197621,-1.669569852037902,-0.8232408834625755,2.036940189393617,2.039278264943856,0
0.14443413152353574,-1.000427910570635,0.8404966796041028,0.03547328401652051,0.3374178198791129,-1.2818776465720905,0.6126516692317618,0
0.2574587905667599,-0.6892525083158344,0.4569914821473304,1.0298394691993749,1.052016652019165,0.857069272678717,-0.08576079745460234,0
0.6527584860692774,-1.6472276531332617,2.096450075649175,-1.0046921992041693,-0.6790607501851655,-0.1417881986935361,0.20957448251363886,0
-0.4411953664311695,6.05921654052256,0.34069935803655405,1.5342450020248626,-1.1479868993919171,-0.04637745557403838,0.9697877494954011,0
-1.1502267997049629,1.3791532215799098,-1.7422660773096985,-0.15558300466336303,1.3723271812371696,-0.39916132441832514,-0.33917644564286814,1
0.9875469766396074,-1.7503371824976235,0.6578813422028984,-0.07088563678104925,-2.470161607818953,-0.25300992585352367,0.34193400248666195,0
-1.359128803004201,0.8240246593344002,0.18579646483891504,0.7441687658288149,0.5008149177103736,-0.23133385414028684,-0.6369693850546161,0
-0.7307139746194439,2.4983259341826036,0.8594212621139752,0.3181019405973129,-0.18662066738342895,-0.20501432282586687,-2.0754859651658935,0
1.138255817748036,-1.4138510563194815,-0.8620948964001592,-1.37735848858683,-2.0119737936295836,-0.10672765318980329,0.527129993590959,0
-0.7083442877750673,-0.8742163359650751,0.6863334291731291,0.20864102076302132,0.31289484762295844,-0.44229103622326077,0.2985849215805099,0
-1.5320749551818438,-0.8260644075082492,0.6830722131465893,0.2466872749148579,0.15406922399625578,0.5251307203241791,-0.062276070497412836,0
0.9790454123082855,10.0398649541218,1.2141147117977733,-1.399415229479268,-1.484008448087632,0.4124084888031856,-2.043772167858751,0
-0.19075192961788007,-1.0375532096203728,-0.6324596057870813,1.0858057234294898,-1.5240867981282378,-0.4064271946768047,0.38564600713980446,0
-0.5525246894644318,6.438265884789257,1.1911999263554947,0.9125768483860853,-0.420917355778279,0.04371347233446211,0.7324225602456572,0
-0.24950675762938446,1.9651265290311697,-0.06484267482223112,1.0339491451309892,0.8602040182776268,-1.7177025644601067,-0.8689618542754418,1
-0.902015503699566,0.7875387788642507,-1.7143634287076304,-0.17144360226834038,1.504812531703736,-0.08986189368370848,0.07405714679696641,1
0.9338749449025112,-1.0086774249799464,0.8728511649032078,0.25462519401631933,0.6063182821346785,-1.0308086594000456,0.5626295261325683,0
-0.607005690238184,0.38088375395651725,-1.3757005253201229,-0.563826237617095,-0.3653218727470557,0.5881102322921256,-0.49874499714891624,1
0.29883348485721173,-1.332504791094191,1.4830986350857087,-0.5302021711099795,-0.22282743863247895,-0.728736266644668,0.41181524163129357,1
-0.7667018987795472,0.3044128828276348,0.4037954848554701,0.4446080318393886,-1.1402524171390573,0.5595378840427739,-0.8901730535685146,0
-1.27316460111008,-0.828769974107337,0.6936834092016122,0.3185618190883331,0.24225964019054433,0.6074730052219167,-0.07868167122358567,0
-0.4295871251392109,-0.6945804964391011,-0.5289717905280779,-1.3486556157709217,0.526304788193965,-0.018091099601193206,0.38575993212332427,1
-0.7949887277105882,-0.6594816356460069,0.27107565439092923,0.5783476282643931,0.6799234744956952,-0.7959885908075177,0.42769763236295943,0
-1.113193841013038,0.6500471758038144,-1.102882466334352,-0.7075386310569496,0.8347087073248225,0.20633084213556074,-0.40138278214300166,1
-0.5909565602722662,0.981404581660655,-0.14323365190701576,0.9951966372527798,0.948342291145948,-1.5191020290350188,-0.21205057865966742,1
1.0584764829058073,-1.2963832230751646,-1.089931886643041,-1.1847276681848347,-1.8228529376712728,-0.3099956528879421,0.5996156260839299,1
5.0643096308484585,-1.610389816760164,-0.40176621354113945,-0.5738408413014223,-0.9630695887120836,1.379084733061465,0.1884521189707401,1
-1.2209742486865383,-0.5653796091828338,0.956625325529458,0.0351420062491841,-0.05589498228387482,0.73984448722785,-0.29422413887890464,0
-0.4926012632741351,-0.5384098052979607,-0.8309774449151325,-1.0797780830426513,0.7932346986468644,-0.27532568475338004,0.4796600854196512,0
-1.283575584402946,-0.6731489764663178,0.39383364537808097,0.6020421968434644,0.527107312701611,0.36696800965317294,0.011885334743157658,0
-1.3348253895890057,-0.789247578781116,0.6163005302084311,0.37303716596719316,0.2933551231139335,0.5285642932208537,-0.0522977647649714,0
-0.7542068883368577,-1.215669909785611,-0.19463299118475902,0.7844479441909362,-2.008823134088198,0.984737378073231,-0.12094887858459241,0
-1.409890055800553,-0.4774387570510654,0.014377916805116185,0.924939932296909,0.8445742419818343,0.03030328158160124,0.13227328264576077,1
-1.2185983186656022,0.4361356453440593,-1.8413966687821968,-0.0969371929825522,1.5760107614027754,-0.17217092768956474,0.2790222606581284,0
-1.0623068647189995,0.18529568832636034,0.6896105637897662,0.3984843996677872,0.1872864109364026,0.3198651987943548,-0.691441902540553,0
-0.5286591187969386,-0.8389658443287763,-0.9152328854345796,1.5450890157559782,-1.2290366551440957,0.478308976626739,0.08390861092839565,1
-0.9394149526562589,-0.32045332205571264,-1.9753566133786653,-0.10500659820337686,0.2247927775513427,0.36215425020929376,0.3009444293673848,1
0.8714936908341363,-1.4381000370703088,0.054278848981353586,0.46963852570651726,-1.9329040913526916,-0.764306710450826,0.5291022535889407,1
-1.3954203478744989,-0.5942241164491094,0.23953825374082338,0.7141788996769866,0.6332075272208485,0.2128006020793013,0.06392593062675304,0
-0.14362965793750096,-0.7558857772795208,-0.4049684392962619,-1.3766616259542666,0.5155603271446167,0.16180081676239738,0.3339252710113014,1
-1.404615703273202,-0.5552499754553866,0.16430562091497636,0.7832188594737982,0.7021738612183357,0.15057767946454256,0.08698541636018732,0
-1.075000423912431,0.15473768567578355,-0.09548518563450785,0.875004586054657,-0.7099018085885247,0.1745031527395194,-0.5833982415951217,0
3.125300382666292,-0.0059579140657079815,-1.327261176811157,-0.33856530582437006,-0.9889190759163644,-0.4184802732269481,-0.1931202719926455,1
-1.0800943842560302,-0.434409439903863,-0.9368403432892412,-0.8687624057584856,0.8230243506663898,0.6782799029160275,0.1375453794234437,1
-0.2439068774476803,-0.15999941092124345,1.2946501350973119,-0.2219256655849607,-0.2402415710773903,-0.19137800043343556,-0.5287721527652225,0
2.5566385904510387,-1.0787704403374192,-1.4776657484930182,-0.3392761456071028,-0.8799559967201125,-0.18932015080169828,0.6395470394030158,1
-0.7903215269629152,-0.8733596885705464,0.6829736695366697,0.1858838130787224,0.28497164281968057,-0.468362582139361,0.30377932896360366,0
-1.425643590334284,-0.4383960842657803,-0.06112349679164742,0.9921593154789766,0.9113067195950592,-0.034005364706445426,0.15574832096984248,1
-0.731974589575664,-0.8156523267871474,0.5730813087779837,0.3094700955361228,0.41299356404279575,-0.5387540056553308,0.3337974790666326,0
-1.1499567359939906,-1.1216428580082698,1.2601512411517164,-0.18417989020720668,-0.25651163863637605,1.0913959453343718,-0.25506484970158794,0
1.8356749905281007,-0.18203544234704352,1.4420389820404975,-0.02894490289686126,0.23046556962432854,-0.7934057661312763,-0.3757041423616835,1
-1.3357548223554099,-0.5559695592667906,0.16712781900960244,0.8023349139286093,0.7256293532530891,0.17247777803406672,0.08262211415838845,0
-0.8769659668984361,-0.6586249882514782,0.2677158947544699,0.5555904205800943,0.6520002696924173,-0.8220601367236179,0.43289203974605317,1
-1.4164308541735005,-0.5259679708664228,0.10767956071740364,0.8336333968603489,0.7522232194282543,0.10234619474850756,0.10459169510324857,0
-0.8028654949774537,-0.6399602992533643,0.2333249475925474,0.611957319855427,0.7132897133023076,-0.828142913951541,0.43943515152500034,0
-0.4677103465173185,2.7170044464938625,-0.4313853711839955,-1.1719753127545627,0.09352175080080236,0.15487696750815397,-1.964835916298997,0
1.9024590311705207,0.08891987879365008,0.029063042435043256,-1.4613392690450293,0.5564544716202067,-0.5752026742165862,-0.20795390389963153,1
-1.3322631121756954,-0.6920792261567356,0.4292661180273057,0.5527300319502642,0.47447406258073693,0.3811329661150872,0.0037319566754514945,0
-0.46352258919839734,-1.440506420830615,1.781775878253494,-0.7614885938400991,-0.6491414368081466,0.4953986441366365,-0.042842015595294144,0
-0.3210281304297685,6.735029742671086,-0.25060953413600356,-0.443061638601655,-0.007309982367598196,0.27498747009238966,0.8900226857607169,1
-0.8375821305641085,-0.756231670214691,0.4564694287463789,0.3875419626249253,0.4851690756593552,-0.6612885210035011,0.37420444393584884,0
-1.0845142028673418,-0.4538022791873263,-0.8995936004363283,-0.9057856785021642,0.7854696311392856,0.7065234941726357,0.1265870213688669,0
-0.25460380814906164,-0.20000563931549303,1.3687849301634492,-0.2957574913063991,-0.3152885670980006,-0.1340004237219805,-0.5488927647124409,0
-0.32297503131896454,0.5545386608952996,-1.3452599416795379,-0.6394940529792359,1.215883483943028,-0.8469544031392393,0.328583446549381,1
-0.8769659668984361,-0.6586249882514782,0.2677158947544699,0.5555904205800943,0.6520002696924173,-0.8220601367236179,0.43289203974605317,0
-0.7084873853389467,-0.9325319173985894,0.7986112192737016,0.10121235576147326,0.20469840181017052,-0.35338881510685977,0.26487874223548447,0
-0.40160530850262305,0.2790375197121275,-2.000153047112124,-0.17509932543313117,-1.3373227717490537,0.6202586298205763,-0.4613142073993177,0
-0.7981982942297808,-0.8538383521779037,0.6452229627382879,0.21949350466975623,0.31833788162629306,-0.5005169052833843,0.31551684812564457,0
-1.4087145652325943,-0.5552071430856601,0.1641376329331534,0.7820809990895833,0.7007777009781717,0.14927410216873754,0.08724513672934199,0
-0.8762967809732733,-0.9130891956996513,-0.7797689465596774,1.3053981638519605,-1.4916464325857055,0.486345369340869,0.060982668427041045,0
2.0078202447607074,0.5571868223737971,1.182081625105672,0.002877080257876774,-1.2507132293280325,-0.8525150626136472,-1.0734546800160476,0
-1.1007665531410322,-0.3953153682749062,-1.0125433424641925,-0.8029084550374761,0.888081435991418,0.6124069638730147,0.16133208219051104,0
-0.4829063690049156,0.2257594931544804,-0.7573953664547914,-1.2451910928471837,0.5955092288466581,-0.40022656759957764,0.18519791496073884,1
0.7678124119816917,0.19400203991760107,1.3890756044146952,-0.3520305241655394,-0.1771655715426569,-1.1828320941929797,-0.3940538021956773,1
-0.17583613548040636,-0.3952190032419186,1.7462919981472675,-0.6318544072167372,-0.648950955164125,0.18754280771825307,-0.6662679563328496,0
-1.357355099672009,-0.6723779938112419,0.3908098617052674,0.5815607099275953,0.5019764283786611,0.34350361832868265,0.016560301387942053,0
-0.9460025680660514,0.8316173799062936,-0.686168093666915,-1.100533133164239,0.4331334408260609,0.49729241405176106,-0.6652913710248899,0
0.4327385283939258,-1.6643675097691144,2.1248606506581993,-1.1015669281575542,-0.7900534983448905,-0.18211277319627095,0.2122774158765987,0
-1.0714477829439524,0.2245792500138865,0.6144508048256592,0.46735689348469744,0.25609751815147386,0.25728931990045595,-0.6688054708106871,0
-0.6546859063399997,0.06271371649446765,-0.3200779967043729,-1.4254826020830316,0.2569163842020198,1.08939860143145,-0.35337984690537366,0
-0.40395707737990905,0.08834444068979629,-2.025958292466862,-0.25960082183365957,-1.3058693686808298,0.753706425811926,-0.12591012477685898,1
2.6204972832755837,-1.001681649813852,-1.6247601001062595,-0.17836346439966902,-0.7140074188819133,-0.28760789258267405,0.6804543580542788,1
2.409499799680948,-0.8415486374140917,-0.29340156410569046,-0.9704162103268592,1.2274070128335415,-0.22596415240291565,0.5739661888822132,1
16.878329065200134,-1.2867466048320695,-0.7784211511047876,3.5290931578767957,3.890171052623756,4.454411499586983,-0.3016480818054131,1
0.015170240965663077,-0.6467426365896302,0.20416579966698178,-1.9655034470530957,-0.08295434574988612,0.5688602203228282,-0.019051263452582082,1
-0.5997852930656249,6.555393903145112,0.9646956855652036,1.1142349979322879,-0.2207199229386045,-0.14921246652967787,0.8028476752179025,1
1.545394091863275,-0.06091205301650858,1.9925709862122793,-0.6994999703496335,-0.47815465951921626,-0.5443039994992095,-0.6725381947797973,0
-0.611148631652061,-1.2258005138010835,1.2586644537545995,-0.6038352587620652,-0.35254067961022756,-1.1663876999937686,0.525667443849954,0
-0.8448937454538724,-0.5547093587674233,-1.5223481317980834,-0.5083228972957825,-0.17560208812800648,0.748006127937574,0.16009419942289432,0
-0.7430609233617221,-0.9904877069264016,0.9094779103269607,-0.01577433646748043,0.08477420998000595,-0.2754366432752208,0.23335421399135836,0
-0.3450005961432047,5.945174535293452,1.4313260091566848,0.7875935705668835,-0.5173563818189288,0.34865836173682463,0.7505938220259188,0
-1.3310317423605909,0.31416433153247014,0.4143201715662843,0.5803567672996048,0.3537103464430518,0.03881654995521379,-0.5821922754130955,1
3.894336431362266,-0.8409215012842688,0.8926587752212625,-1.749584406263214,0.5233325721085708,0.7994784049343058,-0.223068193312086,1
4.060008550490591,-0.9559912847491432,-0.038617598855358946,-0.6912099833560423,1.609359498224836,0.4471998981010108,0.4131912425617039,1
0.3108479270748671,-1.0021669047815283,0.8473169916661154,0.08167041561564735,0.394101925629767,-1.2289524083624073,0.6021070222440813,0
-1.6187193951173646,-0.6113297071891811,0.2678144383643894,0.6163938824162297,0.5210978508689925,0.17143316573992212,0.0668366402850367,1
-0.22764868846435754,-0.4773137205141161,-0.14447358196752721,-1.7059970992397013,0.16329743386162013,0.23441935977877237,0.10839018045539735,1
0.6584695435522451,-0.9705810959815689,-0.024482184408795356,0.41920835990477273,-2.011755566833955,-1.0146663497138273,0.3957673159797739,0
1.977089233080211,-0.4629931874283161,1.0785436083418272,-2.4388894953509235,-0.42366891866296513,0.28688174228288477,-0.518099076443534,1
-0.9440509801955999,-0.7857335296538122,-0.25756280409292054,-1.475329858934995,0.22047742781113655,1.2552327112943205,-0.07336635697647532,0
-1.1503794660856077,-0.8307190967282407,0.5933612654667763,0.15752292398673443,0.23442666025913844,-0.6421717212750284,0.3490708782966794,0
-0.41756506463057297,6.000652531344632,0.4539514784316995,1.4334159272517613,-1.2480856158117544,0.05008551385803162,0.9345751920092785,0
-0.6605436902867827,0.7281816870972846,-0.44621396737752755,-1.2455970635996634,0.30500069093448945,0.7466454434699114,-0.7727130485802641,1
-0.8164569846819731,-1.4956773176064573,1.165234653040015,-0.26180423281215814,-1.6902953421568983,1.577824793932417,-0.384844058439514,0
-1.33754284050509,-0.6725850283535516,0.391621848414207,0.5870606718807366,0.5087249085155171,0.3498045895456859,0.015304917011595934,0
-1.3780967916053322,-0.438892939754607,-0.05917483620250094,1.00535849593587,0.9275021783809603,-0.018883868075107342,0.15273556468764804,0
-1.4020132885336873,-0.496960093443708,0.052128623603498,0.8913302407058751,0.8112080031752218,0.0624576047256246,0.12053576348371987,1
0.14689344869917115,-1.000453609992471,0.8405974723931965,0.03615600024704946,0.33825551602321124,-1.2810955001946074,0.6124958370102688,0
-0.8055295666396642,-0.972145777129433,-0.6645849643735677,1.217654483497331,-1.5756893062436579,0.5977994776746968,0.022783326695639525,0
-1.2678220498692148,-0.7121916492516029,0.46933505897484445,0.5348228136613967,0.4603748350883862,0.4312766559412196,-0.01158970358092408,1
-1.3834393428461973,-0.5554712646103412,0.1651735140242667,0.7890975013628063,0.7093869834831185,0.15731248120558963,0.08564359704498649,0
-0.613823080572681,-1.1084723726767856,1.1393419107537113,-0.1946752783293843,-0.08750001805639078,-0.05643915849498056,0.1577346916360194,1
-0.8921543490550656,-0.437581340411568,-1.7488523725883744,-0.30666474774957964,0.024595344711668136,0.5550801890734339,0.2305193143951395,1
2.1271423786986707,-0.7608419508162637,-0.4546852557867838,-0.9056144994766787,1.2754269613619609,-0.4343603754822756,0.6368111521226437,1
2.4436899391983977,0.2069112350605491,-1.8106028499738194,-0.08201745884732997,-0.7730715979036624,-0.9581727850633409,0.02218413492742803,1
-0.19905798957638354,-1.1929786175282735,-0.3333769422837464,0.7971294200158792,-1.8153098967599888,-0.17187485447162504,0.29626498826676906,0
-1.073393107557123,-0.37616239026191095,-1.0488493526188964,-0.7595131641421937,0.9334546528634399,0.5914634054729142,0.17083600617782158,0
-1.3676858083124663,-0.5945139373956263,0.24067492762103032,0.7218781181807387,0.6426545058698935,0.22162112749363633,0.06216855872090475,0
-0.9273580464460638,-0.7862019483150975,-1.02514289635297,1.5238993913025898,-1.274718969358655,0.27738606910185626,0.13726781637590313,0
3.0457852215815717,1.6371262418933816,-1.0508294485870449,-0.22170936958123158,1.8479441894738582,-1.5024140698857675,-0.41237088458812327,0
0.29445247923729745,-1.0019955753026226,0.8466450397388237,0.07711897407878757,0.3885172846691114,-1.234166717545627,0.6031459037207001,1
6.785332644007998,-0.795797503185535,-0.526851687691906,-0.06746736025077066,-0.3542992020242517,1.2729622615213485,-0.37683422120933335,1
-0.6321212631246209,1.097798354369199,0.06175371445580824,0.870747675413468,-0.8351840755503364,0.0683230463126562,-1.2682342425876225,1
-1.665979998718558,-0.49420168883332566,0.041310197574098345,0.8180520319624326,0.7212952837086671,-0.021492773124218004,0.1372617552572819,0
-0.24934599811707198,-0.7171109703344882,-1.3038714673597565,-0.8244915188130666,-0.310795865479992,-0.11409008402382234,0.46798328533576694,1
2.7742746848312314,1.4395307728861766,0.19920642136867328,1.3046663506889602,1.6038373092007683,-1.8970320292153335,-0.5103444127600153,1
3.659421068219721,-1.0125382163718806,-1.5821807911103243,0.11004591088991054,-0.3601277089844363,0.042805151706756486,0.6146239710779683,1
2.899304855526558,0.2631252396420682,-1.8617500280599937,0.10304094034035617,-0.5581677506561021,-0.8989642266408634,-0.014119388325296287,1
0.048345076201479036,-0.1303111366134957,-0.40850482634049345,0.9528377150726084,-1.7914014119233064,-0.5192292667081901,-0.31001318240079223,0
1.905971338407425,-1.0330930334815094,-1.579188500474161,-0.4483113359399305,-1.0294887403082746,-0.455552920209941,0.7032527629091591,1
2.718786416559025,-0.9249526511959872,-1.7704433526721877,-0.007892755964829664,-0.5363310950263379,-0.3749455850788879,0.7191800256046421,1
6.133650004215227,2.2545486276367273,-1.4036743379964314,0.4738505930814549,-0.15619460619194456,-0.6130958340061577,-1.6312678522643727,1
-0.1467872850322337,0.7510923569411353,-0.5657740288422047,-1.2679035226928732,0.46106121677809364,-0.41966130638846033,-0.37136347051971125,0
-0.26980162249220246,0.20090086607109175,1.367138167550584,-0.34774545246492544,-0.38446652847619645,-0.23148779827909036,-0.6824963403541535,0
-1.0902927469366956,-0.4148638432570074,-0.9746861984805273,-0.8357971982890713,0.8555998043129733,0.6453872335916601,0.1494300042025738,1
-0.1491355253842469,0.40909960084861724,-0.6770358391021584,-1.1136409128375986,0.6321786272184793,-0.4171955962684266,-0.2034923326047274,1
-0.4865109776951554,-1.343071068346308,1.5936942961888771,-0.5888886943480705,-0.47672560181442886,0.3398413375997398,0.014806698738291449,0
3.676413266014093,0.13864182653067142,-0.07421328325701136,-0.9690360956214349,1.2825126550616985,-0.21831705887545397,-0.14790117036478206,1
3.5148848842539913,0.26707838191031313,-0.9219164265331037,-0.6778175965776855,-1.3203717852265908,-0.1752484508085125,-0.5605244043786397,1
-1.3440555065118696,-0.653077946573554,0.3539270480161758,0.6210490434076372,0.5425557894500562,0.3180840969257064,0.02695600123478213,0
-0.2335924635833409,-0.7561536431197734,-1.228370053762993,-0.8917109019951343,-0.37752834309321687,-0.049781437735775654,0.44450824701168523,1
-0.1052833888343853,0.8333745839053748,-0.7126542857678098,-1.1161178692449742,0.6166149637127741,-0.5309829390246273,-0.3357533364257636,1
4.534009874314338,-1.1771897167188552,-1.2469135163223204,0.06646473423619932,-0.3506178918848853,0.5581480414283349,0.46929918468901277,1
-1.1306225617365249,-1.3162351525736622,1.6352224833991016,-0.5367757816886614,-0.6104183501848768,1.3940373059854325,-0.36867409596925355,0
-0.3980800560717488,-0.7726658420096714,-0.37796896333455055,-1.4830943821350568,0.3928398329675152,0.11052619297490021,0.33880985547516085,1
-0.6853580875382581,0.8066517467956077,-0.5968388922964952,-1.1095681659195167,0.440490452067527,0.6196135863883112,-0.726802466666237,1
1.5040590555269855,-0.31470593764778804,-2.06940678172149,-0.17807078497601914,-0.795794204764727,-1.1340107426339467,0.6580447728529346,1
-0.36911763502249556,1.3164768666804578,-1.2290529188421626,-0.6193295779384075,-0.555041657366105,0.42821433664667713,-1.1575841937207265,1
0.36671411505716595,-1.3429336442582447,1.504594601001338,-0.5292563949117433,-0.2177304582892285,-0.6923232992580983,0.40189484429146005,0
3.4737974579228297,-0.6691732857426766,1.4284512725515965,0.4126866789093377,0.910514930056588,-0.20349934828018207,-0.0989678589381647,0
-1.0874739378197422,1.4255483964305231,0.2245540470390342,0.8480647175176499,0.48986098029116343,-0.38719314640214564,-1.1414618438179296,0
3.1744737534742287,0.2739156362219404,-0.16662182037944312,-0.8942921234948644,1.2071991043570607,-0.4525165202192642,-0.294099613224463,1
1.14584319862468,-0.028890616063029124,1.0703037472384003,0.11881116600116702,0.3362019881510199,-1.2449817025197312,-0.19157289268471372,0
4.5362317885800305,-1.2744080632851802,-1.0596830285688115,-0.11190002110641588,-0.5301072331193692,0.7071009039537652,0.4129663176337124,1
-1.1972173395951835,-1.0045148396524144,1.0336470003614255,0.017478259338996258,-0.05631420579670139,0.8984700064702318,-0.1846397347293427,1
0.5923120011497074,-1.3355715887666035,1.495126574584234,-0.4487313676001892,-0.12286236543674431,-0.6354001322650294,0.3932192631998177,0
-0.5988333275391318,1.0009259180532977,-0.18098435870539759,1.0288063288438136,0.9817085299525606,-1.5512563521790421,-0.20031305949762654,1
5.792734178024633,5.547380810067414,1.0753623536878638,-0.5595787956526138,0.7068333872495189,0.32278883790957313,0.9527052684816418,1
-0.7240978223087984,-0.8351736631797899,0.6108320155763656,0.275860403945089,0.3796273252361833,-0.5065996825113075,0.3220599599045917,0
-0.6610836841738742,-0.9913443543209304,0.9128376699634201,0.006982871216818539,0.11269741478328381,-0.24936509735912066,0.22815980660826457,0
-0.4926012632741351,-0.5384098052979607,-0.8309774449151325,-1.0797780830426513,0.7932346986468644,-0.27532568475338004,0.4796600854196512,1
-0.36657298700428664,-0.8507511875802416,-0.2269661361410232,-1.6175331484991922,0.2593748777410654,0.23914348555099368,0.29185977882699726,1
-0.824197689375558,0.4823004351104307,-0.7518572420690751,-0.9555009766851104,0.6029724139489299,0.5528719639464302,-0.5346803836197093,1
-1.2814697705633054,1.128100461329767,-0.36940767851626233,1.2948373343938369,1.0605491665849214,-0.6672628943857503,-0.4913195675582394,1
-1.2007632177947576,-0.9461607090861465,0.9212180210772123,0.12388284999475095,0.05062569579993896,0.8083945657876064,-0.1506998070520781,0
-1.3319769170479365,-0.5754480632897068,0.20471053782616122,0.7675873619533604,0.6908669542063126,0.20332852388228512,0.07114431536550232,0
0.4420115097754237,-1.0035375406127742,0.8526926070844507,0.11808194791052565,0.4387790533150115,-1.1872379348966469,0.5937959704311312,0
-0.9318451660115208,0.6800372226449105,-1.1743611486273915,1.6326683149760748,-1.330299348778779,-0.25260626587654095,-0.5315488782470154,0
-1.065865828378589,0.32382397651233896,0.4280205223358154,0.6466465037567968,0.43706339347709133,0.10830052246054497,-0.6158203998411504,0
1.0063938765428486,-0.23302748529680073,-0.6009273465922984,-1.1907131325187907,0.9058489004594245,-1.040527666435689,0.5297677036532907,1
-0.3823265215380177,-0.8117085147949565,-0.30246754973778683,-1.5503137653171246,0.3261073553542903,0.17483483926294693,0.3153348171510791,0
-0.5393883725885577,3.810177406970159,2.020105242925824,-0.011444140730857599,-0.9365521076137447,1.5162772833394793,1.9873158118871643,0
0.13888519998141985,-0.10720460251101809,-0.44117061891012,1.011050982864133,-1.727098513026494,-0.5255944661716313,-0.3107568129017844,0
-0.30819044755450287,-0.6011126901923368,-1.45870776952842,-0.7244746353293241,-1.7521595954579074,1.3169255381156209,-0.17123546578880455,0
-1.308775907938978,-0.8089588167681776,0.6547960285230234,0.3444722921756147,0.26617890034811176,0.5664981566635581,-0.06518678015569651,0
-1.3416015651382778,-0.711420666596527,0.4663112753020308,0.5143413267455277,0.4352439507654362,0.4078122646167293,-0.006914736936139684,0
2.347947692840243,-0.6087158714832164,-0.2844563492851581,-1.5646844895239236,-2.2726995637489584,0.2504411772998322,-0.40595626471160257,1
-0.6289089656430433,-0.65536944977073,-2.146071349058223,-0.11742147420893788,-1.1447246258041794,0.7819718135839823,0.1950990290136153,1
2.264360347024244,-0.9202039805609485,-1.7890675754601666,-0.13404324046535757,-0.6911183546764441,-0.5194685069865242,0.7479742879394936,1
1.2853184598811458,-0.16323400862103668,-0.3419948437707608,0.970750723961517,-1.5497200986707684,-1.3721441285690066,-0.039347658906246405,1
-1.4200045483574055,0.4495811059459807,0.14831704555323408,0.8071659719404785,0.5766380861426111,-0.19512993625532568,-0.49573865905752573,0
-1.4020132885336873,-0.496960093443708,0.052128623603498,0.8913302407058751,0.8112080031752218,0.0624576047256246,0.12053576348371987,0
4.160731504476096,-1.1225695195331182,-0.4846167782016957,2.027077669862548,-0.16363296677654254,-0.25190377292201316,0.5229744040906887,0
-0.7640848753439208,3.197364307634291,-1.3812146733701598,-0.35421052626205224,0.8986852094308626,-0.6702041783397209,-1.653302269274182,0
2.2789495200997116,0.022635468739866972,-1.4830208733066164,-0.4434109662843647,-1.147436802943527,-0.7305286169832398,-0.053570965595290496,1
-1.141612075171077,-0.3365714631441275,-1.1265010123829942,-0.7068583938780773,0.9823162794025668,0.5104689697985635,0.19763546522708342,1
4.982941207570323,-0.13839029275528644,-0.11637308272621079,1.716411863092274,-0.4474182090767118,-0.3591805887100764,-0.320028662332002,0
-1.0604052059983133,-0.7167750398712562,-1.161593305676346,1.6122520678879744,-1.1938653626917928,0.1313002013984467,0.1850326735347253,0
-1.4110307848443506,-0.4968658622303099,0.051759050043487395,0.8888269478606022,0.8081364506468612,0.059589734674853595,0.12110714829586018,0
7.5944816260267185,-1.3258052492282355,-0.8969156656977715,0.701285985235314,0.4755489788039872,1.7093774506358759,0.2079448997467509,1
-0.612437848293788,0.6356356041781615,-3.082296621956265,0.6843379831502331,-0.3679634048263111,-0.14375564963265794,0.2008659192560735,1
-1.303714176023828,-0.7506946341783349,0.5427198240006387,0.45326638963822086,0.37605073844909637,0.47916022830212335,-0.031792265253656735,0
1.0699306378953573,0.05859196600149336,-0.013951275816426934,-1.6694658979717243,0.2947550047477485,-0.793358089139808,-0.10237333368785823,1
1.180983693368466,-0.6606911662009588,0.3146311307948676,1.1626817458154615,1.3890312695416314,-0.1972115027819169,0.3137304928541301,0
-0.20406515478788406,7.5440473594808415,1.0465639498563675,1.164814581687445,-0.2934548917526948,-0.3371210616926399,0.13505462583330205,0
-1.108579424186041,-0.77338074377236,-0.23156945170028798,0.9815650160881593,-0.45597682737620104,0.38789792234153125,0.04948736802542557,0
-0.11440497326045009,-0.6030948871687208,-2.342622920623733,-0.0623287157958589,-0.9109820629312686,-0.432040744944683,0.6317459437965245,1
2.316099792576499,0.7037165779785557,1.4800260772000666,-0.04369749301230088,0.21606049054396895,-0.9325597863046011,-0.7961250672666739,1
-1.3945951996805768,-0.5359156623219176,0.12728841684042652,0.8217969046464682,0.7416362940975996,0.12411529622492223,0.0975888925023511,1
-1.2381478889666906,1.177197833038406,0.6637175634698436,0.38649178930227185,0.015284589125005675,-0.05942585997211856,-1.244228766684512,0
3.062286244531368,0.15021277707543246,-1.6292668311982115,-0.06968777309609954,-0.7219891654634653,-0.6757148583791349,-0.09922011869631857,1
-0.8740746217081814,0.3896625865376366,-0.9666668549655564,-0.8744281586626965,0.7982801502893775,0.522524772803389,-0.14056483841011794,1
-1.3867184324137112,-0.5554369987145601,0.1650391236388083,0.7881872130554344,0.7082700552909872,0.15626961936894557,0.08585137334031025,0
-1.0509089106023681,-0.5124705252202203,-0.7859326644886182,-1.0038456562442404,0.6887686102799112,0.8061588493117768,0.09074240839236948,0
-0.15603436772840962,-1.1910122846989053,1.3078154880568282,-0.21077656473516504,-0.07576430830579568,0.20775017284483377,0.08377369659576812,0
-0.8454588978309739,-0.7367103338220484,0.41871872194799714,0.4211516542159591,0.5185353144659677,-0.6934428441475244,0.38594196309788975,0
-0.4725710076929718,-0.6163752202332969,-0.6804449840707094,-1.2174028584825884,0.6558604947479557,-0.15035840860554062,0.4334372258051208,1
-1.2485768051557693,-0.8873439889268329,0.8069747715893115,0.21799854850098416,0.14248706680280931,0.7042404903102868,-0.11395489938794284,1
-1.3468759176656286,-0.633609448192206,0.31638357119217086,0.6560623995686384,0.5776443315289348,0.28753786673378806,0.03837312934943375,0
-1.0453117295939474,0.6129034784126765,-1.0246877209374292,-0.7617262124824252,0.7843624825888731,0.2842992403451542,-0.43146872397060565,0
-1.0938139337864616,0.2633810338969306,0.538607736596239,0.5329231660319225,0.3207513661628524,0.19124790621826138,-0.6444918258923895,0
-1.1110484695636738,-0.2980127961367511,-1.200104161785158,-0.6267811883543808,1.0648253677296438,0.4608907469531135,0.2181756633797171,0
-0.4656238069932791,-0.009610053433889786,0.9844447695264981,0.007277211907085116,-0.023198771068803855,-0.4901990030451721,-0.4147454412077155,0
-1.1597940046965323,-1.1215400603209267,1.2597480699953414,-0.1869107551293225,-0.2598624232127694,1.0882673598244397,-0.25444152081561666,0
-0.7673997263300999,0.9712621182926205,-0.1531965300544948,0.9532749934670183,0.8949610445177237,-1.5608998738898407,-0.18464571748697925,1
-1.3952772503106197,-0.5359085350155951,0.12726046364025112,0.8216075646785347,0.7414039730336364,0.12389838096290035,0.09763210997177842,0
-1.1371370152295195,-0.7730823220860019,-0.23273985756724497,0.9736373152192571,-0.46570415500147094,0.37881563860619855,0.051296891781400136,0
2.29235706057434,0.03341120413889357,-0.6605444973820542,-0.9553314937019299,-0.2858663938099323,-0.5548891814257221,-0.17244376703990813,1
-1.2091929688214416,-0.9849506708900456,0.9957283055812208,0.04995009054581519,-0.024344127230252827,0.8650121060304035,-0.17264249519814717,1
-1.0681187550297724,-0.453973608666232,-0.8989216485090362,-0.9012342369653046,0.7910542720999412,0.7117378033558558,0.12554813989224817,0
0.07441727784419663,0.6040149088196116,-0.2548361388746518,-1.4991961334063226,0.24199035502636093,-0.12495279136643278,-0.4898334993501724,1
-0.566672455238764,0.34078907081350107,-0.9859608923790435,-1.0522063868428626,0.7846622658322173,-0.601800336433681,0.26129300121009197,1
-0.803038799702111,0.6733835514955779,-1.4849390339775614,-0.3608143734635439,1.3202613263240581,0.11531513763787954,-0.004400427484514982,0
-1.1635823523818314,-0.6367327939255892,-0.49581888928315687,1.2168701790459986,-0.22236736167403665,0.16286041766867007,0.1316414833316033,0
-1.3289840226081815,-0.6921134920525167,0.42940050841276406,0.5536403202576362,0.47559099077286804,0.38217582795173105,0.003524180380127764,0
-0.858052443422197,0.8566471231281272,-0.7185079269886487,-1.0441556522757656,0.49549121874972635,0.48783864457889126,-0.6684375264652572,0
-1.0583649989914385,0.8413134324435282,0.20277911821960323,0.8156281107112396,0.5918082225663165,-0.16008553606175568,-0.6836835224105378,0
-0.1176284563167848,0.331014255278047,-0.526033011908631,-1.2480796792017337,0.49871367199202954,-0.2885783036923332,-0.25044240925289085,1
-0.10570345583165358,-0.44525768978629704,-1.0022602287974522,-0.793392145129128,1.1052665576569713,-0.300525261709776,0.5113367628377675,1
-1.2996153140644355,-0.7507374665480614,0.5428878119824616,0.4544042500224358,0.37744689868926024,0.48046380559792834,-0.03205198562281143,1
0.1649284413204977,-1.0006420724192673,0.8413366195132177,0.04116258593759523,0.3443986210799324,-1.2753597600930653,0.6113530673859883,1
-0.007353714580667347,0.05771554578105113,0.002476883268714514,-1.718615361476207,0.03158632869945551,0.16158222032399375,-0.414767677521463,1
-1.448098401566922,-0.45760046112244734,-0.024615901058755663,0.9501294570447522,0.8676088950112338,-0.011497513551379185,0.1459327325395463,0
1.0282353332131533,-0.4491487253244428,1.8484457717267146,-0.6577454925818101,-0.4534543737468659,-0.643903360964771,-0.4021684328551343,0
2.4058145408075826,1.3518644909279514,-0.6412961056623043,-0.7943615313614326,1.2302601624736738,-1.2800636051390946,-0.4272495968348785,1
-0.36159869441335313,2.320931643179284,-0.7836613994159205,-0.8691237574397512,0.538284228892497,0.12288983912502544,-1.429762691758526,0
-0.12055834215364217,4.711874969752749,0.4252556264706792,-1.3891098214096826,-0.5201753647099198,0.2595038930677206,2.1520770437116883,1
5.763820875419941,3.451273859591371,3.675563782943532,-0.36991031163932697,-0.6031801111920941,1.5491573030297816,1.351787587863527,0
-0.7824447596960498,-0.8928810249631889,0.7207243763350516,0.1522741214876886,0.2516054040130681,-0.43620825899533766,0.29204180980156286,0
0.008955540143653896,0.3805367055970657,0.15183294784937673,-1.9050420889988684,-0.17105658790518996,0.19271213834297723,-0.5953213298113391,1
-1.3465897225378702,-0.5169782853251773,0.09182799099102637,0.8709197295717348,0.7940372231545105,0.10973342450098605,0.10578548803948458,0
-1.3310317423605909,0.31416433153247014,0.4143201715662843,0.5803567672996048,0.3537103464430518,0.03881654995521379,-0.5821922754130955,0
-0.461094194206673,-0.6164951508685309,-0.6799746177216052,-1.2142168494067864,0.6597697434204146,-0.14670839217728662,0.4327100087714877,1
-1.3290729521522013,-0.6726735371623543,0.39196897877984593,0.5894119465786783,0.5116099340357918,0.35249830166973734,0.014768230840774707,1
1.1805624519969307,0.3309139269946736,0.08325494587538207,0.9485237167537292,1.2920735987781669,-1.924936760283903,0.37213196064921417,1
-0.4481981719365924,0.06928369847987555,-1.201493372322218,-0.7649257346907549,1.0975521204467682,-0.6659016882538815,0.43704071699254166,1
0.21218904492169086,-1.1177700907751225,1.0678408603035086,-0.16049556360860767,0.14420118824025774,-1.082433821228925,0.540927952413743,1
-0.39317284285715526,2.032952306733967,-2.6901913981053465,0.4528013263236293,-0.8691209814893325,-0.34263962170759493,-0.9760393839059048,1
0.48349489364207016,-1.470507648726044,1.7526620028999875,-0.7295136241060237,-0.4122724466895869,-0.46246296208906645,0.32144544383171936,1
-0.276212898547549,0.7154048065201746,1.1406130966100565,-0.18078186396602103,-0.23270539126750533,-0.5005586603664003,-0.7452399290840566,0
-0.9849253035530742,0.2673477032723546,0.5442336951012693,0.5601446082337501,0.35497974409053623,0.21978104034421614,-0.6583009929580228,0
0.6861556072212787,-1.2417730315309958,-0.32759590652986187,0.7761510716272667,-1.635541869530828,-1.11974295158199,0.6532301748073714,0
2.3647496602628912,-0.5993103913576916,0.6100259156776187,0.3867094727582741,-2.070622354140853,-0.36712324349042985,-0.43396649670638915,1
-0.8621774154212555,-0.8937977149359086,-0.8166181626524044,1.3451140694088453,-1.4507878394662772,0.4611865633970538,0.07132642420005016,1
0.4563688301945224,-1.7229315189470422,2.238112771053345,-1.2023960029306557,-0.8901522147647281,-0.08564980376420077,0.1770648583904761,0
1.0111563280574705,0.19510883185375855,-0.2783941334530608,-1.435107267683651,0.52717543011302,-1.0193913732147528,-0.019749465926753404,1
-0.3697825535234793,-1.0451079041121383,0.14718117220633553,-1.9763872720938291,-0.1022107151283368,0.5346151710751271,0.17967899458968234,1
0.32246378665780834,-1.3910688002721185,1.596350755480854,-0.6310312458830809,-0.32292615505231625,-0.6322732972125978,0.37660268414517095,1
-1.2838617795307044,-0.7897801393333465,0.6183892255792253,0.3871848668403681,0.31071442107603536,0.544772451885975,-0.05552702394689317,0
0.7064382227088558,-1.3756422384253233,1.5746596997447488,-0.48864210156109816,-0.15608699728603573,-0.5398056308776626,0.3635109360160236,0
-0.5665624769714878,-1.2256003910326412,1.3658461515440024,-0.3963334278755871,-0.28769745089606535,0.1364867803691596,0.08730957666377422,0
-1.2851456061383815,-0.8675228259461053,0.7680481489181689,0.24364321740251332,0.16608018392827448,0.6629611260956282,-0.10039933764181912,0
0.3854779247927326,-1.547239491413259,1.8983564098679087,-0.8999087786113513,-0.5898560655052159,-0.3750387120604111,0.282702530848844,0
-1.1087171459478764,-0.7733793046047371,-0.23157509609647722,0.9815267839792498,-0.4560237383602705,0.38785412214439213,0.04949609462982914,0
-0.42664910374133375,2.115917986402698,-2.850631901998469,0.5956425155855231,-0.7273144665612297,-0.4792954950696942,-0.9261549274672312,1
-1.2322702868622197,-0.8680753635155763,0.7702151938836851,0.25832161635888623,0.1840906510263887,0.6797772732115129,-0.10374973040391464,0
-0.03683957224602027,0.9926473280093614,-0.26344565708306,-1.570030042544795,0.1475357433365633,-0.23713033946444942,-0.5993773227310378,1
-0.008392921878110044,-0.7208368475792869,-2.113710807297184,-0.24767722973887837,-1.09116749335253,-0.22042985055339223,0.5575981009409635,1
-1.0567656326116543,-0.3374580931974647,-1.1230236611592586,-0.6833046839248279,1.0112167963739593,0.5374530198217272,0.19225925358558127,0
0.9994567362527896,-1.0093627428955694,0.8755389726123753,0.2728309601637585,0.6286568459773009,-1.0099514226671655,0.5584740002260933,0
-1.318812352542573,0.23537636121184302,0.5643264605272788,0.4410962078357605,0.21418244439393658,0.16237970659605666,-0.6266963043472502,0
-1.3957359287243742,-0.5553427675011618,0.1646695500787977,0.7856839202101615,0.7051985027626266,0.1534017493181745,0.08642275815245055,0
-1.1703262196115218,0.4378941343304194,-1.8389025899638034,-0.08486948534820055,1.5911847574962539,-0.15952172571228507,0.27290043252035273,1
-0.1410510166529599,7.387876668339701,1.3485696042434219,0.8959370489591747,-0.5603848022055941,-0.07988647654045299,0.04115447253697477,0
-1.157833503260856,-1.1021215216156273,1.2224005343533346,-0.15057019861617285,-0.2231453998297636,1.0592416221903485,-0.24332733053954708,0
-0.7420158985889522,-1.1377472205563568,0.42441934161075046,-2.0635777599256446,-0.35959131517747805,1.8531731141350747,-0.28845959131978494,1
2.227946914697465,-0.12889529560656532,-0.29329197588555767,1.2064016449583426,-1.2534114489275678,-1.1251381365332218,-0.15889102891171336,1
2.07504831682963,0.0952070791421432,0.03798022834738142,-1.4181930814756352,0.6107067042283971,-0.5299774452293258,-0.22984153600866478,1
0.9706473372600349,-1.7890386354927197,0.7320444963412674,-0.14716967092792682,-2.5480164563694196,-0.19908609773477773,0.32052800051141406,0
-1.2342091669621122,1.0109724429739115,-0.1429034377259715,1.093179184847634,0.8603517337452465,-0.47433695552161015,-0.5617446825304847,1
-1.4124924705400677,-0.535728639062744,0.12655491411659459,0.816828551064832,0.7355401000249481,0.11842335632051923,0.09872293552222818,0
0.5071251954426668,-1.5290716579039716,1.865914123295133,-0.8303426988791253,-0.5123711631094243,-0.3659999926569964,0.28623288634559674,0
1.7224427678588783,-2.049602095129363,1.24941862543718,-0.4038203446428091,-2.7605788678293512,0.4254505469901783,0.1267918183263761,0
-0.6548639298200202,-0.8765250779539039,-0.84554950040508,1.4384614311711639,-1.3441231880510605,0.4974700482827933,0.06942862398146983,0
2.380480207713813,-0.4886810949217978,-0.5068379119541083,-1.3430785845692008,-2.0474197232297238,0.07842419602739592,-0.3456504477904409,1
-1.0999465686221666,-0.675067866630062,0.4013595069637502,0.653018342056294,0.5896552914609534,0.4253682725052373,0.0002498622050274983,0
3.226950868719479,1.1881355048626028,-0.1825631922242631,-0.9947322761750091,1.0805206969217722,-0.7628646375732303,-0.6823338253150634,0
-1.3709648978799802,-0.5944796714998453,0.240540537235572,0.7209678298733667,0.6415375776777623,0.2205782656569923,0.06237633501622851,0
-0.9000311163219311,-0.41806000401892546,-1.7866030793867562,-0.27305505615854586,0.05796158351828053,0.5229258659294106,0.24225683355718036,0
-0.8488548856514293,-0.5546679655653197,-1.5225104753837169,-0.5094225255710879,-0.17695133738410088,0.7467463508389081,0.1603451931876454,0
-0.9468118475274561,-0.6301924743476502,-0.5570990351471772,-1.1897257785587647,0.5079308937944452,1.0171607123904671,0.016715906893277663,0
2.2992250579448306,-0.5682499279170958,-0.8219114592830361,-0.4998805280523861,1.6945343561261157,-0.6761246764192426,0.7382914571507853,1
2.644177994691298,0.024925390938166654,-0.5331926879636413,1.5595085021011978,-0.8716764076469457,-1.2267011938308612,-0.13650695635423327,0
-0.13214009675276883,0.06615551096309656,-0.40183581924231926,-1.4811819166787281,0.37988678113536445,-0.044537629533649266,0.03609046271121051,1
-0.8564741682342581,-0.6776121093918123,0.41133799308403507,0.7206072488786619,0.6725872097266886,0.5028007638760548,-0.015177527722761111,0
0.2417052560330288,-0.6502098355305493,0.38149006855056683,1.0970588523814424,1.11874912963239,0.7927606263906704,-0.06228575913052062,1
-1.1000206062891325,-0.7929092074713251,-0.19379079170173083,0.948144664465059,-0.4891107451188503,0.4202691607475764,0.03770663139395734,1
0.21933496934069796,-1.1567228155839826,1.142989499138444,-0.23010445359752663,0.0745367741226887,-1.0208626872620687,0.5179983268648861,1
1.8814472152625172,-0.5068602095294479,-0.5326214937858799,-1.4678335542267473,-2.204287247666344,-0.05234221435328549,-0.2823634916660735,1
-1.380802166582522,-0.5943768738125017,0.24013736607919678,0.7182369649512509,0.6381867931013689,0.21744968014706018,0.06299966390219978,0
0.5595612428007726,-1.374107400421494,1.568640085599297,-0.5294157354249028,-0.20611644486797256,-0.586517498264621,0.372817651836165,0
-0.49581082979332775,-0.7327665218298576,-0.4568301365677736,-1.4386322066372883,0.43164910577746224,0.02014600077075339,0.3674793011823363,1
-0.5701266844837154,-0.7790074779867906,-0.20950147528493823,1.1310416384650943,-0.2725682828027351,0.5591441788131702,0.015368838122902809,0
-0.05461431818186054,0.1748435641369065,-0.2240273575215764,-1.516957211930004,0.2317837615391301,-0.03134371854014638,-0.3443425625492178,1
-1.304671670177542,-0.7506846285367668,0.5426805820080849,0.4530005854524683,0.37572459541699404,0.4788557126458233,-0.0317315945754222,0
2.6390360694069224,-0.8439472501187721,-0.28399423712360383,-0.9066960288108219,1.3055919862827197,-0.15296382383783513,0.5594218482095504,1
1.7246085389992203,-0.8613033566417796,-1.0123869913667995,-1.1191421495249656,-1.7300488913498748,-0.23368969460129274,0.32939423631579046,1
-0.8919125937451688,-0.874047962081989,-0.8552647157602519,1.3726557791429377,-1.4248670439884108,0.4220805232499614,0.08444898014671921,0
-1.0094377827201788,-1.0174045759867143,0.24034233647966013,0.5616332111681702,-0.8728224913948932,0.790043876903845,-0.09727483896951265,0
6.566668771261378,-1.067539106625636,1.1037058939205302,1.8183111661134093,2.524968595151969,0.7606110606923362,0.20571306823578944,0
-1.2485768051557693,-0.8873439889268329,0.8069747715893115,0.21799854850098416,0.14248706680280931,0.7042404903102868,-0.11395489938794284,0
-0.7164247531735667,1.4911988988533416,0.7277785383543515,0.1469373176428458,-0.06324949335446982,-1.1528205727874472,-1.0173864284017442,0
-0.3358296994370064,1.2196044303645568,-1.4717909920033683,-0.46127092450806184,1.2618509481367919,-1.1913650618450211,-0.08966301063073047,1
-0.9160916314777897,0.6409945498596253,-1.0988597350306277,1.565448931794007,-1.397031826392004,-0.18829761958849417,-0.5550239165710972,0
-0.23873701449693424,0.11781588338659661,-2.0539350722550442,-0.18486455211486996,-1.2201342861992865,0.7625572297754784,-0.14105771942043804,1
-1.0322807968950185,-0.49322616006317666,-0.82259709380134,-0.9628781042647189,0.7311629796635195,0.7824339783933469,0.10080047175930841,0
-0.3308517985858301,0.5740599972879422,-1.3830106484779199,-0.605884361388202,1.2492497227496402,-0.8791087262832626,0.3403209657114219,1
0.29883348485721173,-1.332504791094191,1.4830986350857087,-0.5302021711099795,-0.22282743863247895,-0.728736266644668,0.41181524163129357,0
3.528982952564979,-1.0500532127255546,-1.5126709040684516,0.0022431441002789773,-0.47665619618744265,0.06061988873170336,0.6004122233283052,1
-1.11962110602725,-0.6748622712553752,0.400553164651,0.6475566122120622,0.5829537223081667,0.4191111014853731,0.0014965199769700205,0
1.2639688750113527,-0.04873669373896012,-1.8185520444838967,-0.5423488348276605,-1.1932393491038829,-1.0940265508522025,0.46166588027275146,1
1.4313643112586458,-0.09028065767092269,-0.014450438121097408,-1.679849568851771,0.42454746614897276,-0.5987076174497027,0.14822556240961615,1
-0.29198723982661157,6.656731033423963,-0.09976227681363954,-0.5780441800656735,-0.14148092027536677,0.40310607036887214,0.8435525711050632,0
-0.2762337052928805,6.617688360638677,-0.02426086321687577,-0.6452635632477411,-0.20821339788859164,0.4674147166569189,0.8200775327809816,0
-0.34912501535144796,0.034250397396217665,0.915776448582867,0.10755880778600654,0.0851062985813485,-0.5198523014502607,-0.4080425347679504,1
2.830769645774092,-0.6021421737585824,0.6714475487212765,0.4676325759031734,-1.9599744825168224,-0.21491725042417792,-0.5038053642568044,0
0.43045707030633035,-1.7032217201276034,2.199622917134942,-1.1737928970301676,-0.8629290810148365,-0.12353986700976627,0.1899451471767976,0
-0.18851936171857456,0.5067062828118299,-0.8657893730940676,-0.9455924548824296,0.7990098212515414,-0.5779672119885434,-0.14480473679452305,1
-0.2296911182321079,-1.0371463021079719,-0.6340554916143996,1.0749960497794477,-1.5373503204097945,-0.41881117898695236,0.388113350646774,1
-0.9326081811066524,0.5489305616990637,0.7694691545982392,0.3132897042502912,0.09361555627007079,0.324030942342337,-0.8609275538572149,0
-0.28995009840390923,0.8988367246914241,0.060292425544948305,0.88930785801443,0.8606626007340465,-1.2963542985301653,-0.3113729686224783,1
2.455466071964946,-0.08393571420299818,-0.6321466226688495,1.4707132677889772,-0.8545895972337701,-1.2608012293095103,0.1776757286199946,1
-0.30569294579885464,-0.8201068932386966,0.5905520588875731,0.4278075754944773,0.5581942290198405,-0.40318196689161,0.3067865606745447,0
-1.105300334618527,-0.7734150096681411,-0.2314350613148296,0.9824753043955313,-0.45485989918406994,0.3889407841781752,0.04927959173010181,0
-0.9393109191081976,-0.7569185045585108,-1.0817746009467317,1.574275696580231,-1.224716522132806,0.22911078418868225,0.15488282172336798,1
-1.1243968549416288,-0.3367513590969785,-1.1257954628593378,-0.7020793802643746,0.9881801524112553,0.5159439944409446,0.19654463967663366,1
1.310467400006098,-0.408810592231089,-0.786184781482576,-1.3971017669600858,-2.168717279292902,-0.38250333083393995,-0.14552073443193447,1
7.221203256188476,-1.2711850520424988,-0.1346189275771461,2.661898920861663,0.6625339039123298,0.899325636285528,0.2616201191484271,0
1.7059997454961484,0.4115438323991037,0.2110051645353449,-1.7526512330180695,0.2357488631509765,-0.6024189100374923,-0.40930039680636976,1
-0.7267979464349877,0.32738236626094397,-0.44807498359220604,-1.2157823341121985,0.3468513774256317,0.8191169395481861,-0.6329412912059585,1
-1.2416575320426178,-0.9068553196779073,0.8446862363951395,0.1841230527241977,0.10879468496409457,0.7360902977980102,-0.12563174787174916,0
-0.7077023744712289,-0.8353449926586957,0.6115039675036575,0.2804118454819488,0.3852119661968389,-0.5013853733280875,0.3210210784279728,0
-0.8747873208909314,1.2779813121464048,0.5350109704753295,0.6147483033110945,0.26821309284013717,-0.09450245837310958,-1.258608879350399,0
-1.4070696446467938,-0.49690725543241354,0.05192139362912121,0.8899265761359076,0.8094856999029557,0.060849511773519535,0.12085615453110905,0
-0.6807594741711983,1.0449470877369624,-0.7006465105785945,-1.1620941661747857,0.48833070846961285,0.615938467944829,-0.48962806539162096,0
-1.3060357714376278,-0.7506703739241218,0.5426246756077342,0.4526219055166015,0.3752599532890675,0.4784218821217793,-0.03164515963656754,1
-0.5382649744232183,-1.4980424531351082,1.8909962870848884,-0.8896263178343594,-0.7827479989919174,0.5605757584693865,-0.0718212842217042,1
1.1711722363888561,0.6471227786767216,0.8011197635336155,-2.40806825799702,-0.5911873606298984,-0.46471265987970645,-0.9567571478713823,1
0.2226140589082118,-1.1567570814797634,1.1431238895239026,-0.22919416529015463,0.07565370231481981,-1.019819825425425,0.5177905505695624,1
-1.425643590334284,-0.4383960842657803,-0.06112349679164742,0.9921593154789766,0.9113067195950592,-0.034005364706445426,0.15574832096984248,0
-1.1905120114290397,-0.4991702437215921,0.06079680346556354,0.9500438365313664,0.8832498715676786,0.12972219318916298,0.10713419243533785,0
-0.4138335906054798,-0.7336231692243863,-0.45347037693131415,-1.4158749989529893,0.45957231058074005,0.04621754668685352,0.36228489379924256,1
1.2045945213797575,-0.015735512694115487,0.14238136364654394,-1.7781161384323134,0.19371667131010217,-0.6377096252150071,-0.1624056732057887,1
-0.40149686159515907,0.2790414702901242,-2.000147443976149,-0.1750722144187197,-1.3372886822235834,0.6202870472058403,-0.46132796054746283,0
-1.303714176023828,-0.7506946341783349,0.5427198240006387,0.45326638963822086,0.37605073844909637,0.47916022830212335,-0.031792265253656735,1
-0.057316098612018536,0.7762095351920036,-0.5980279752833568,-1.211164648323488,0.5238791778623472,-0.4287547496125817,-0.37474587476329146,1
2.932248762526706,0.25356088869966525,-0.9921209684136328,-0.7807666477170241,-1.4608936687985699,-0.343558244653623,-0.45951621144321614,1
-0.09302022959348538,-1.3471829758400458,1.6098211424438829,-0.4796540974634355,-0.3426942187586951,0.46498475799702055,-0.010126456700558825,0
1.1392035448023192,-1.3631414544897682,-0.08446085553909645,0.6871411001183435,-1.6975194385942771,-0.7977628604331539,0.5570927432888119,0
-0.8432738581902349,-0.8745562281141107,-0.8532713031727477,1.386158085606186,-1.40829964811453,0.4375492928729019,0.081367034358182,0
1.5000974503033786,0.2732044054150568,-0.6820764162194607,-1.0248582624549778,1.0888291140933954,-1.1276162812153352,0.32680407296169633,1
-0.5088574528880749,-1.2067643725556214,1.330783252454788,-0.34451797013711416,-0.23199264824683064,0.12518969395801638,0.09489156991934002,0
2.063581141765286,-0.41938937194376913,1.047911630793802,-0.1796951269571932,-2.6750090400314597,-0.21086994315471097,-0.6968918954036422,1
-1.3063165907633425,-0.8089845161900134,0.654896821312117,0.3451550084061437,0.2670165964922101,0.5672803030410412,-0.06534261237718932,0
2.364726673180082,-0.44963842213651267,-0.5823393255508719,-1.2758592013871333,-1.9806872456164988,0.014115549739349186,-0.3221754094663592,1
-1.207696521601564,-1.0432833852714503,1.108073290874522,-0.05702343030204708,-0.1319821089469752,0.9544357580651265,-0.20645256269083445,0
-0.827321320737121,0.19821799702075132,-1.4509863412040027,-0.6649762669017549,-0.3643886091848485,0.6389402566503521,-0.11976135579352937,0
-0.30974117901712034,-0.06335628456699512,1.1045299825747765,-0.06048965016916247,-0.08172489545171363,-0.35908068573014396,-0.46673013057815477,0
-0.8207562962771388,0.4954377842051532,0.887702714067124,0.23342145137007073,0.020207463164345758,0.44139283420181824,-0.9098425419296815,0
0.1947237192961104,-0.6233483300247604,-0.6530965406299291,-1.0321591879323948,0.8831553818466372,0.06186397515151475,0.39115474970673725,1
-1.429676980712592,-1.0798417806126024,1.173831401525553,-0.19023871576858162,-0.27969188048970584,0.9431369211964827,-0.21486381960394416,0
1.5137059413231486,-0.6303127930761235,0.5660549644547098,0.1739541340540197,-2.338141983898481,-0.5901304071172657,-0.32603782803081144,1
-0.08470048257054055,1.7154143496034209,-0.503918762181195,-1.29355768208102,0.2902773041047003,-0.6804493839935577,-0.9803616490713709,1
0.6846641377714536,-1.0060732169005793,0.8626374956083709,0.1854432826560505,0.5214317395327139,-1.1100661589849903,0.5784205245771735,0
-1.205094106862049,-0.984993503259772,0.9958962935630434,0.051087950930030074,-0.022947966990088945,0.8663156833262085,-0.17290221556730184,0
0.6861903687454394,-1.338968522744835,-0.14045505716345338,0.5971791539836342,-1.8157762018694634,-0.971485677901601,0.597035894541052,1
-1.0387349352220712,0.10692127607310077,0.8402034054241055,0.26206190054184075,0.051327100187737236,0.4464031704974708,-0.7373856512756575,0
-1.320425204711273,-0.7116419557514817,0.4671791684113213,0.5202199686345358,0.4424570730302189,0.41454706635777644,-0.00825655625134046,0
0.2865757119704319,-0.9824742389099802,0.8088943329404418,0.11072866566982136,0.42188352347572383,-1.2663210406896503,0.6148834228827409,1
0.6645877778841496,1.0280620872222805,-1.9056937522478983,-0.33481463561348984,-1.3168031909277835,-0.44036707733909064,-0.4576358008191597,1
4.684027823996109,-1.0597073018029683,0.1740966657406958,-0.69696131841325,1.6416676654232143,0.793905436400061,0.31745879550563694,1
-0.17715476958642706,4.426228467956064,0.7318087131714532,-1.5203665863425424,-0.6853003764630663,1.8178660092295154,1.9602766983394606,0
-1.3639132788070367,-0.6723094620196797,0.3905410809343507,0.5797401333128513,0.49974257199439887,0.3414178946553947,0.01697585397858957,0
0.7594588354146294,1.228560048283273,-0.551872417161362,-1.0676137885861765,0.7043777328243195,-0.33347875224354817,-0.6424698890758597,1
-1.0737954679231292,0.5208405924610128,0.7988029470996129,0.24426345152990694,0.015151367725820418,0.32087329310901047,-0.8495126903043986,0
-0.8399512239092891,0.5213431078957158,-0.8273586556658388,-0.8882815935030428,0.6697048915621547,0.48856331765838357,-0.5112053452956274,0
0.03712717227333748,2.125241032164501,-1.2423971877250566,-0.5569571829939873,1.0402477200420208,-1.261348304694016,-0.7935243628946682,1
-0.8218285960303774,-0.795274342999976,0.5319708423431425,0.3203225794428577,0.41843659804613037,-0.5969798747154544,0.35072940561176713,0
-0.672485703871614,0.07988034379351104,-0.7470971206125352,1.3485876195097783,-1.5840989511266728,0.228213016342532,-0.560226737104173,0
0.87672322849459,-0.2962018985397756,1.5418676850598898,-0.4109918701017663,-0.21434317898139682,-0.9243279187063179,-0.29704503978709806,1
-0.6852927157368744,0.5943391916362346,-0.9739098215002527,1.5138416491210847,-1.4344535963397362,-0.04275821507688281,-0.6224135610548072,1
-1.3926802113731487,-0.5359356736050537,0.1273669008255342,0.8223285130179733,0.7422885801618042,0.12472432753752238,0.09746755114588203,0
-1.122293043815086,-0.5387611708393756,0.13844846322966128,0.8973890662672501,0.8343882450285516,0.21071662886351383,0.08033473338607607,0
0.6140914618891533,-1.6468235896902104,2.09486534422385,-1.0154263189246993,-0.6922315674267756,-0.1540856254712421,0.2120245805880966,0
-0.28392337548009694,-1.5019082380323814,1.0817056630912874,-0.3090953216011714,-1.558559209055984,0.4584939968188342,0.01694518076968561,0
2.0585189006908218,-0.6629297198603703,-0.6446371488458253,-0.7456830823583455,1.43229850670579,-0.6044311901997471,0.6973514891582498,1
-1.3519322737787351,-0.6335566101809115,0.316176341217794,0.654658734998671,0.5759220282566686,0.285929773781683,0.038693520396822986,0
-1.1084449815137727,-0.773382148674087,-0.23156394169448413,0.9816023379087618,-0.4559310333203236,0.38794067967683354,0.04947884919731728,0
0.6876489292767355,-2.01693373824113,2.8090098413273865,-1.6751364301918301,-1.3521117742353908,0.43264377676036764,-0.006166211228806298,1
-1.182609909907294,-1.1213016382180812,1.258812981693322,-0.1932445411720166,-0.26763400957361766,1.0810111271650706,-0.252995813352754,0
0.7920841048616425,-1.2817580164502624,-0.24839875733299283,0.7339646168979279,-1.6715588218604471,-1.0267556047862332,0.6240412883618864,1
-0.7056698388544473,-0.9915444770893727,0.8056559721740176,-0.20051895966965955,0.04785418606912161,-1.552239577722049,0.6665176737944445,0
-0.43958416458207605,5.730592329912419,-0.24033982514440894,-0.5035998490634486,0.07316524156835644,0.5792977265154813,1.4825958200469118,0
-0.3643228296945889,0.43515690278280245,0.9141296859700021,0.05557084662748025,0.015928337203152728,-0.6173396760073706,-0.5416461104096632,0
-0.04703851672381637,3.4826696728704842,0.6830200938631102,-1.45476818395531,-0.4618129897857772,2.1125813900580197,2.5262721613026247,0
-1.0872013174776836,0.2636219227991717,0.5389493912288956,0.5345762766667651,0.32282999576469873,0.19298067361240923,-0.6453304324866054,0
-0.49472153545013486,5.867241684660916,-0.5045947727330816,-0.26833200792621204,0.30672891321464346,0.35421746450731784,1.5647584541811979,0
0.2574587905667599,-0.6892525083158344,0.4569914821473304,1.0298394691993749,1.052016652019165,0.857069272678717,-0.08576079745460234,1
2.029548385711509,-0.5917130556259844,0.5553633045627335,0.3384901879245946,-2.140148280625636,-0.4850495526447745,-0.3807179511306645,1
1.145080997642111,-1.7519833846627413,0.6643377251010899,-0.02715356591828556,-2.4165021436125897,-0.2029087574974721,0.3319520137067181,1
-1.347517830969467,-0.6724807914985854,0.3912130328616425,0.5842915748497113,0.5053272129550545,0.34663220383861476,0.015936972501970806,0
-1.1238980392016695,-0.3561955972241135,-1.0883471344282372,-0.7377372205469952,0.9523008251723478,0.5457518784525189,0.18527461717907123,1
-0.31623770727937117,-0.024950538851961586,-1.0079566734731162,-0.9098306437581263,0.9598217408395552,-0.48087132901569407,0.3666126288633157,1
-1.3736910036876755,-0.5361341074075223,0.12814515554772363,0.8275999926059643,0.7487567113224355,0.13076354043352775,0.09626431861966218,0
-0.8422967065164015,-0.554736497356882,-1.5222416946128001,-0.5076019489563439,-0.17471748099983864,0.748832074512196,0.15992964059699788,1
-0.956452313797667,-0.3591533358831863,-1.9011991036364855,-0.181328864459164,0.1468910180168067,0.4160342781309004,0.27954715399654056,0
0.770952684954587,1.1861946307111337,0.8151219580898933,0.5420627121826099,0.44500124225051746,-0.7200567088083396,-1.1277041388694837,0
-0.5667124088123461,0.6792620862800343,-1.1890168028295551,-0.7765916887842164,-0.5931800885019265,0.662194589224608,-0.6856228514052917,0
-0.763481658643126,-0.7375669812165772,0.4220784815844565,0.4439088619002581,0.5464585192692455,-0.6673712982314243,0.380747555714796,0
2.8366203051147796,-0.8809646125582635,0.9189190065014019,0.10654542916933653,-2.204995467262022,0.07131469622155467,-0.3126031372259868,0
2.8843281146937274,0.6019619760843657,2.091592575426905,-0.3420260668112053,-0.16621316716139448,-0.44733418171522704,-1.3427986897968076,1
-0.7975291083046181,-1.108302559626077,-0.402261878575859,0.9693012479416222,-1.8253088206518298,0.8078886007811027,-0.05639252319336764,0
0.28302578230362124,-1.3712176546325825,1.5573065412224356,-0.6061830792505023,-0.3003103500949658,-0.6744651655343199,0.39034005014970297,0
-1.2862809593801356,-0.8286329105242124,0.6931458476597786,0.3149206658588452,0.2377919274220198,0.6033015578753406,-0.07785056604229067,0
-1.3664480089096518,0.4119155468370275,0.2257716303539692,0.7493970916356796,0.5217887182372217,-0.1209154053284142,-0.5240078435594208,1
0.8339668230895113,1.0300239395699933,1.117127612476948,0.2731851794543395,0.178071331797618,-0.4628221236561527,-1.2216042921658106,0
-1.340139879442561,-0.6725578897640929,0.3915154112289239,0.586339723541298,0.5078403013873494,0.34897864297106385,0.015469475837492377,0
-1.2129708741289147,-0.9654721668671294,0.9581455867646617,0.08469764252106383,0.010418271816523448,0.8341613601821852,-0.161164696405261,0
1.0147932670272986,0.19524132074999123,-0.2782062234050997,-1.4341980568344876,0.5283186763940355,-1.0184383511479713,-0.020210699553572117,1
0.2798683061868961,0.4959801334833734,-0.019399662503862363,-1.6632693609377045,0.08965197088785311,0.10544707736754808,-0.5848284898565519,1
0.7754199407257697,-0.0820012007391955,1.1258525302880167,-0.04494987825571371,0.1480775417899669,-1.2818666720499223,-0.16607330590659086,0
-0.475250836288294,-1.6542131442762487,2.1930019414719424,-1.15850385056263,-1.049677909444817,0.8178103436215733,-0.1657214375180312,0
-0.7004675205082018,-0.8937376723577176,0.724084135971511,0.17503132917198755,0.27952860881634595,-0.41013671307923744,0.286847402418469,1
-1.4189075521112162,-0.47734452583766734,0.014008343245105593,0.9224366394516361,0.8415026894534737,0.027435411530830234,0.13284466745790102,0
-1.358691068565927,-0.6043274436032421,0.25975751099459815,0.7064769369551892,0.6276936897388534,0.23930638201775306,0.05597940809249506,0
-1.0881349799172808,-0.25937418679451724,-1.2740208439565968,-0.5488276854517832,1.1447286625844788,0.4088795274427728,0.23920060362934115,1
0.2278019681682183,4.749679778382949,0.9400200501352834,-1.648911929882323,-0.8051375594319542,1.973425460076952,1.711195139355313,0
13.416359652335501,-0.48601968687889074,0.5973371169342827,3.6441759043182875,2.0344400393143913,2.2983158920369093,-1.2114392835826329,1
-0.8321872733797561,-0.5548421391135753,-1.521827369054432,-0.5047955301047162,-0.17127399138349841,0.7520472175545696,0.15928906627851475,0
2.268597142872459,-1.199992183979508,-0.3750246912505763,1.322832077044694,-0.9883806600307081,-0.7054205363205186,0.5866755650542826,1
-1.3556072188485333,-0.5168840541117791,0.09145841743101576,0.8684164367264618,0.7909656706261499,0.10686555445021506,0.10635687285162489,0
-0.10166718031863217,7.290269986376488,1.537323138235331,0.7278885910040056,-0.7272159962386563,0.08088513917966401,-0.017533123273229447,0
0.17440002342208127,-0.11312510668073698,2.0264211067617452,-0.8453859394065054,-0.8578152234286269,0.3886422499139942,-0.9302289219642654,0
0.4252144515826209,0.7508195657330937,-0.5016349985547821,1.0544335429652842,-1.6970443255318521,-0.7037953982410414,-0.6034984071721785,0
-0.36075413067693574,5.984217208078737,1.3558245955599213,0.854812953748951,-0.45062390420570403,0.28434971544877796,0.7740688603500004,0
-1.332470356985852,-0.49768680456143466,0.05497877489829926,0.9106356351286197,0.8348958162739385,0.08457461855717069,0.11612924381249375,0
-1.4182255014811733,-0.4773516531439898,0.01403629644528098,0.9226259794195696,0.8417350105174369,0.027652326792852122,0.1328014499884737,0
5.086456114369179,0.05426174446818014,-0.6515285696491454,0.07832744411732287,2.439283593620341,-0.18202183851345752,0.08750770409470622,1
0.907672266901332,-0.07718342269437316,1.132685622941149,-0.01188766555885988,0.18965013382689438,-1.247211324166964,-0.1828454377909075,1
-0.6585802631774188,0.1982624129617075,-3.0079046149876,0.6466623107684649,-0.3927701172344601,-0.008592695475050467,0.31348303722086673,1
-0.9156806173076011,-0.8154825137364385,-0.9685224805515865,1.4734466218071294,-1.3248152385526433,0.3255737536207523,0.11967026423724537,0
0.4169849938601947,-1.6253248369838293,2.0493592370614357,-1.0343475449754866,-0.7233210207316656,-0.24642141948431764,0.23575245420068042,0
-0.5186599600664561,-1.3038570660821172,1.5175209306648214,-0.5262207527028625,-0.41557776516185946,0.270318382128473,0.03932061853899192,0
-0.8454413534116473,-0.5547036363628279,-1.522370574992455,-0.5084749154431136,-0.17578861513609234,0.7478319700108544,0.16012889806421332,1
2.7480128070932364,-0.1603309875380193,0.6761927328681563,0.37321368972451335,-2.074698475048926,-0.3819063035474104,-0.687541451930521,0
-1.233963999665836,-0.9458137668913623,0.9198573184244464,0.11466618088260981,0.039316797854611424,0.7978355896915857,-0.1485960720619251,0
6.044868061308636,0.35790568736283607,-1.6618841980660393,0.8538322449821795,0.39477575661338965,-0.04461177497365735,-0.42377573644274963,1
0.21145820207383242,-1.13720147919134,1.1052387923400622,-0.1964947620064928,0.10790301292930116,-1.053017010406092,0.5297358460269269,1
-0.5208631637598722,-0.07403660759098767,-2.4779768530847295,0.18298703762858876,-0.8512711476793717,0.4487588132269904,0.14567755158629886,0
-1.1317998397906983,-0.7148210178314051,-0.34480477329725107,1.0825078768996823,-0.3557384949323473,0.29156531063904156,0.08467395347463265,0
-1.3210600982471048,0.2947193087440576,0.45217911455229187,0.5472707811576892,0.3210026174943043,0.07151981380970324,-0.594195465144184,0
-0.21117173859646832,-1.0543629299504071,1.0435605404681554,0.024491276402071573,0.15779936334049133,-0.017330089163329704,0.1659363307300542,0
-0.31079370283238944,-0.9485291990223601,-0.037540650221822326,-1.7810301649175015,0.09812832466865887,0.4051294104543305,0.2321333015401741,1
0.26659557294189123,-1.2738508339398378,1.3694937399287348,-0.43176260314372944,-0.12566065871698587,-0.8279367483979285,0.447573211892641,1
4.479533425213827,-0.7076679114785879,-0.5079862727520686,-0.10939613365312999,2.2208987122677306,0.19518288718182414,0.5327078620704393,1
1.6152383344183237,-0.913420772363904,-1.8156712273847366,-0.31424209321609553,-0.9122232257343352,-0.7259113504448985,0.789105267809193,1
0.1649284413204977,-1.0006420724192673,0.8413366195132177,0.04116258593759523,0.3443986210799324,-1.2753597600930653,0.6113530673859883,0
0.9093249842624838,-0.4138639194141191,1.7676145458605077,-0.6163146353032884,-0.41914851792244445,-0.7352431786015252,-0.36561113166128556,1
-1.2762464250938552,-0.6926645904543649,0.4315619089820912,0.5682804871050993,0.4935545468869127,0.3989481748704767,0.00018251422243582821,0
-0.5350554079040256,-1.3036857366032113,1.5168489787375297,-0.5307721942397223,-0.42116240612251504,0.26510407294525296,0.04035950001561074,0
-1.415129646803743,-0.49682302986058346,0.05159106206166446,0.8876890874763872,0.8067402904066974,0.05828615737904849,0.12136686866501491,0
7.562974556959257,-1.2477199036576652,-1.0479184928912986,0.8357247515994491,0.6090139340304369,1.5807601580597823,0.2548949763949145,1
-0.5509482006613865,-0.5961171670813596,-0.7210850841564466,-1.2033643655000517,0.6652127774237492,-0.20493426123741013,0.44964193531662233,1
-0.8537679320736692,-0.7760434780017214,-0.22112624362708813,1.0523016998774197,-0.36918257142207644,0.46893662994346363,0.033341487668407374,0
-1.3007560431082332,-0.7701645717273058,0.5802689452208328,0.41829126558612906,0.34100910735428724,0.5097502586911806,-0.04321811997271198,0
-0.1462542621306333,0.21894105394939378,-1.4472989697474328,-0.44038991927201276,1.4433617905927594,-0.797412510978058,0.4739185950391729,1
-1.4131113758369842,0.4696404917906691,0.11132945854235407,0.8444680514454969,0.6146471520279077,-0.2234139501477802,-0.48587425158432546,0
-0.6768372187076053,-0.9523016815356453,0.8373362563666564,0.07420225439888614,0.17942989239650867,-0.3136737436471674,0.2516348449323464,0
-0.5508089424377567,-1.2646430638179262,1.441347565140766,-0.4635528110576548,-0.3544299285092903,0.20079542665720634,0.06383453833969245,0
0.7730083834169313,-0.002855943998764355,0.9763529834781784,0.09676257490172935,0.29068846726454073,-1.4028597880917646,-0.12281309827297705,1
-1.3740520976657993,-0.5166913084480101,0.09070247151281238,0.8632960649974947,0.7846829495454124,0.10099945661909249,0.10752561451282096,0
-0.1366311964713479,2.1368738451229916,-0.1853656386140042,-1.5494086124117827,-0.10363218464106808,-0.6686606310660698,-1.516446782876766,1
-0.8453036316498117,-0.5547050755304507,-1.5223649305962657,-0.508436683334204,-0.17574170415202287,0.7478757702079935,0.16012017145980978,1
-0.4042623862195067,0.1708997521447156,0.6515215009941943,0.3428266489232432,0.31866997022763555,-0.7449325634584241,-0.32587990063366434,0
-1.0640605444731988,0.5329873771850737,-0.8762814689520926,-0.908728619671365,0.6350999423883908,0.3997475007257236,-0.4720453905027288,0
6.495156471259269,-0.8648039886672396,-0.16338267345746663,0.19957464697964228,2.655118483491833,1.043764169773523,0.326320975369465,1
-0.6468106277999216,-0.5461457984391378,-1.4814934874103065,2.049234389621485,-0.7285430730449092,-0.004005870533611434,0.2599713983590087,0
-1.0632172893135945,-0.6851711937841948,0.421578764217525,0.6453163793344966,0.5841414539789583,0.45187405244368906,-0.007696660329230456,0
-0.18941616079657764,1.245568069348394,0.13529094615160145,-1.754595983246282,-0.2102149828824808,1.1410999788603033,-1.2570591417684216,0
16.615325437098008,-1.5054251171433284,0.5123854821931831,5.0191704112286715,3.6100286344395247,4.094520209252962,-0.4122981306723091,1
0.27805703139972787,-1.001824245823717,0.8459730878115317,0.07256753254192777,0.3829326437084558,-1.2393810267288472,0.6041847851973189,1
1.5249987686228659,-0.15373641460171228,1.3512997718272481,-0.03545425402877775,0.20449116699520511,-0.9349958381983199,-0.3148272499355756,0
6.157280306015823,2.1959846184588,-1.2904222176012858,0.3730215183083534,-0.2562933226117818,-0.5166328645740879,-1.6664804097504953,1
-1.1187083865451457,0.3417072683697419,0.3879465640353683,0.6690150430309003,0.4562949509911484,0.0643633810363158,-0.5983803558384418,0
-1.3115909432906936,-0.7311732977856924,0.5049691172022569,0.48687608122925463,0.4094169772557088,0.4470059051581,-0.02005474609161588,1
1.4766609528185424,-0.4243971161024882,2.660196964310643,-1.3544912767464268,-1.1424363074636392,-0.01539533573357695,-0.8511167053318773,0
-1.0732058964593532,0.8804085662462341,0.12732923675118862,0.8830643299818542,0.6588168100758943,-0.22417798660055333,-0.6603502333683837,0
-0.44534065967294195,-0.6555378236538161,-0.6044732041248416,-1.281436232588854,0.5930372658071899,-0.0823997458892399,0.4092349704474061,1
0.709994245282007,0.15331474714237614,0.6743473290911238,0.3656401076299998,0.5576183777174402,-1.6600943732439515,-0.028912944976650076,0
-1.0842670717554015,-0.8319518802566102,-0.1182893781049672,0.8809252812829914,-0.5558432227320751,0.48457780703562325,0.014231593069875578,0
-0.3930871301685859,1.1763648761856023,-1.4004121486745273,-0.5458371947738929,1.1730296788153365,-1.1443520754969008,-0.10179810640059639,1
-1.3968633164146016,0.14131094312527104,-0.39683688849781307,1.2720088346156717,1.1791363562869577,-0.3894961479246016,0.11467135205963132,1
-1.2441917480686182,-0.7707556584295306,0.5825871793699899,0.43399373888829534,0.3602761186685489,0.5277396253732897,-0.0468022610670467,0
-1.3755625755793317,-0.5749926010029838,0.2029242208226485,0.7554878097717724,0.676020744676506,0.18946680434961297,0.07390607788294558,0
0.9485012498194022,0.7600479748598516,0.35414454599980166,-1.874246386770988,-0.09641199853437885,0.43822500321301233,-0.9241703489648406,1
-0.8891847948544199,1.010801250113113,-0.246995984774281,1.0070108181721287,0.9414119260171371,-1.6603216317303113,-0.1412323792209517,1
-1.339457828812518,-0.6725650170704155,0.3915433644290993,0.5865290635092315,0.5080726224513126,0.3491955582330857,0.015426258368065035,0
2.4331301014815443,-0.9001126465920194,-0.18014944371054495,-1.0712452850999608,1.1273082964137042,-0.12950118297084554,0.5387536313960907,1
-1.2590559871621492,-0.9261125345458688,0.8814010621024079,0.1434968588599409,0.06681916365253554,0.7602062419051813,-0.13576772734943454,0
-0.9549267318800931,-0.7178772709408485,-1.1572703701473062,1.641533311871208,-1.1579371335355113,0.16484593809777454,0.17834913344304615,1
2.5791034206786243,0.9223950902898149,0.18921944390209572,-1.5337747463641762,0.49620290872820033,-0.5726684959705804,-0.6854750183997778,1
-1.4346610866449472,-0.43830185305238223,-0.061493070351658026,0.9896560226337038,0.9082351670666986,-0.036873234757216454,0.15631970578198273,0
1.8825680258778246,-0.22873715071660525,0.625535126761245,-2.0355731962585173,-0.02327405298361573,-0.0989701354453956,-0.37724884649904344,1
1.0589741864379467,-1.2067908673957766,-0.38717205944980754,0.9512396192329113,-1.436453401150066,-1.060472470227722,0.6520837221355884,0
-0.8252018272867087,-0.6035126997490298,-1.4279713648021288,-0.5923471262733672,-0.2590176851445376,0.8283919357976325,0.13075040151779216,0
-0.6412127940565868,0.17053999766280087,-0.07307264173223263,0.9834486437003378,-0.5735437067074026,0.28817269379562227,-0.6384108341756802,0
-1.2893681591659545,-0.7508445474723775,0.5433077819370191,0.4572489009829731,0.38093729928967,0.4837227488374407,-0.032701286545698136,0
-1.315082653470408,-0.5950636308957475,0.24283081818455365,0.7364809632075996,0.6605722679280608,0.2383507170770795,0.05883541139132116,0
-1.1800074951677793,-1.0630117562064025,1.1466359843818434,-0.08513315993993947,-0.15859986761673148,0.9928910524261528,-0.21944546622922143,0
-0.3146451826554206,-1.1817572588606364,0.4114361197950083,-2.2116551132310667,-0.33577438677462373,0.7596954330832906,0.09751636045539631,0
0.0449534657395545,0.9477393111611899,0.5583895801992651,-2.372515293687291,-0.6720787758136396,0.3689879153344086,-0.9631676333398352,1
-1.4197273245030946,-0.47733595936372203,0.013974745648741021,0.9222090673747931,0.8412234574054409,0.027174696071669197,0.132896611531732,0
-1.1041846888051887,-0.006499137523768981,-1.7612411303152846,-0.08793107277031788,1.607901837153829,0.018335007314815924,0.3863169795511121,1
-1.1083072597519372,-0.7733835878417098,-0.2315582972982949,0.9816405700176715,-0.45588412233625414,0.3879844798739726,0.04947012259291368,0
5.307005597841414,-0.49233567452581156,0.4054912207055458,-0.8627439204316236,1.5050289070351925,0.7182992095191965,-0.2411428324424382,1
-0.7470604746460264,-0.3625494038810915,-2.71233195103395,0.3867238996565692,-0.6442310437049932,0.2996569664236319,0.3711618164442284,1
1.0604011532673396,0.41479379911388176,-0.6866309055341671,-1.0314292366362618,0.9369198953036996,-1.33748055784927,0.09212987934456075,1
0.2859337986665934,-1.0213455822163595,0.8837237946099135,0.038957840950893975,0.3495664049018434,-1.2072267035848239,0.592447266035278,0
-0.8840417389785594,1.0254492275853317,0.6203874392805744,0.4230584966481991,0.1911823057785935,0.12999074164726357,-0.9516177115041872,0
-1.3875435806076333,-0.613745452841752,0.27728896053920526,0.6805692080859527,0.599841288414236,0.24495492522332463,0.052188411464712134,0
-1.3809854014726055,-0.6138139846333143,0.27755774131012195,0.6823897847006967,0.6020751447984983,0.2470406488966126,0.05177285887406467,0
-1.16505914208159,-0.2585703431453873,-1.277173508009065,-0.5701821388544217,1.118526644125275,0.384415031616941,0.24407482774134104,1
-0.4096882973637075,5.98113119495199,0.49170218523008125,1.3998062356607273,-1.2814518546183666,0.08223983700205496,0.9228376728472379,0
-1.1636451739773388,1.5478774043711674,-0.40284332489809765,1.315089405573547,1.0722702356871636,-0.7530750818886608,-0.6232255146241394,1
2.499275465977038,-1.5717442171926772,0.3455592555625839,0.706739340313598,-1.5947421355851688,-0.06872136632427471,0.35852896427064707,0
-0.3923373857343755,-0.6053721929196285,0.1752942841053732,0.7975141829958491,0.9252228558925772,-0.7568795214758668,0.43589927145699414,0
0.7669974931673725,-1.203739763503632,-0.39913844815179256,0.8701857277678974,-1.5359069212338046,-1.153330973886178,0.6705845390238061,0
-1.3598090410456007,-0.6140352737882689,0.2784256344194122,0.6882684265897048,0.6092882670632811,0.25377545063765966,0.0504310395588639,0
-0.6374533823732775,-1.049908363498858,1.026089790358566,-0.09384620355628288,0.012598698363446488,-0.1529021279270506,0.19294724912214195,0
0.5729875939916728,-1.1916989016724928,0.34246053346833966,-2.1603692606381557,-0.0830838658914474,-0.24670177001643995,0.4768050890913961,1
-1.0237219789981102,-0.5127546237621418,-0.7848184338027828,-0.9962984558878193,0.6980290619208703,0.8148052167993922,0.08901973512784024,1
-0.8761590592114378,-0.9130906348672742,-0.7797633021634883,1.3054363959608701,-1.4915995216016358,0.48638916953800815,0.060973941822637476,0
-0.6050132717762067,0.8312443148722676,-0.6296081600211377,-1.054997652435602,0.5005473141882517,0.6083581856716989,-0.7287673780905403,0
-0.10131920159246352,0.6538354150940615,-0.3766769473279687,-1.4345064067243951,0.2960707553873841,-0.2574483856733497,-0.4309960615427669,1
2.1191806109048605,1.1917499877946198,0.536258407240521,0.7965447967635443,1.0502164607092799,-1.7364178649051853,-0.5026870882156521,1
-1.0793899977469739,0.04474886245218294,-1.8589419428279064,2.224661291573325,-0.5942025406872077,-0.5175587035899739,0.2612899962007073,1
-1.3742493632495376,-0.6527624262052012,0.35268958134687506,0.6126671086733562,0.5322711146569129,0.3084814251338883,0.028869205362123243,1
-1.3165095776419644,-0.7311218989420206,0.5047675316240692,0.4855106487681966,0.4077415849675121,0.44544161240313396,-0.019743081648630242,0
-0.6190253989189265,-1.206279177408441,1.2209137469562177,-0.5702255671710313,-0.3191744408036151,-1.1985420231377921,0.5374049630119949,0
-1.155903924009091,-0.2586660135264083,-1.2767982900528652,-0.5676406139002392,1.1216451076377052,0.3873267018648512,0.24349471632479708,0
1.0832726151202499,0.09869454995663936,-0.0879494090295014,-1.5949728279963487,0.3706334526090974,-0.8500425588936038,-0.08258816437832614,1
-1.3522044382128386,-0.6335537661115617,0.3161651868158009,0.6545831810691591,0.5758293232167216,0.28584321624924147,0.03871076582933487,0
-0.716544522826636,-0.892903630517324,0.8287796116299336,0.36569282637208433,0.3237086659760825,0.8734448233057768,-0.14766660330422166,0
-0.7509376906285876,-0.9709663705337591,0.8717272035285789,0.017835355123553394,0.11814044878661842,-0.3075909664192442,0.24509173315339927,0
-0.3156175416272082,6.71529504260189,-0.21301439720878507,-0.477215105292572,-0.0413822038555293,0.306643100936802,0.8787651285911858,0
-1.3114304649647337,-0.7214554619590975,0.486261751784889,0.5048187874089863,0.4274962568991789,0.4322323208818933,-0.014445706879750123,0
-1.1116014533234924,-0.3563240943332928,-1.0878431704827682,-0.7343236393943504,0.9564893058928395,0.549662610339934,0.18449545607160717,0
0.36352656774769493,0.24852450783366598,-0.31713862323691155,0.909039220169492,-1.831500386170404,-0.4765455271154176,-0.5144513191924959,0
-1.2654363072091375,-0.9649239125346311,0.9559953405973277,0.07013302960311257,-0.0074525792575743975,0.8174755707958811,-0.15784027568008097,0
-0.694711025417336,5.492392481208517,1.088217514951944,0.952867712697393,-0.2403434154224873,0.2515607593254836,1.3602082520179746,0
2.1454650096069177,0.17714206172885744,0.7207968856512166,-2.109492428331468,-0.09603565294865274,-0.10456441244252809,-0.614240880704864,1
-1.3189147267977404,-0.6533406631965082,0.35495741910148515,0.628028223860258,0.5511192778991254,0.326079718627256,0.02536298037853492,1
-0.626902166185792,-1.1867578410157982,1.183163040157836,-0.5366158755799976,-0.2858082019970027,-1.2306963462818155,0.5491424821740357,0
-0.9684475757082999,-0.04995860880896367,-0.8948786790297655,-0.9238719421479137,0.7585877595323278,0.6456359284339098,-0.021166501476330826,1
-0.4552753378793222,6.218473244790448,0.9028161139793393,1.2581292528413566,-0.05022903852635489,-0.10150216227950225,0.9149190902944909,0
-1.1341300900961093,-0.7731137439124333,-0.23261662158377963,0.974472049597117,-0.46467993184928663,0.3797719429104012,0.05110636091858821,0
0.08673336715313515,0.2858771083834019,-1.5499765651771535,1.9393194150518882,-0.6781239859684733,-1.2911318065894708,0.3272908230339382,1
-1.107897373555998,-0.7733878710786825,-0.23154149850011266,0.9817543560560927,-0.45574450631223773,0.3881148376035531,0.0494441505559982,1
2.44841553033224,-1.464004118752879,0.9058856783877333,-2.105095081219119,0.0870870385334214,0.7351881688239713,0.21187103489294928,1
-0.504003282971875,0.5328148928164806,-2.4909122354910878,0.26182666525030834,-0.9035616672630921,0.20225242894827256,-0.3087264582927864,1
-0.7844923112991982,1.013623418264655,-0.23511556380698342,1.0262080242195617,0.9673657827280728,-1.6306747551123715,-0.15917530090535054,1
-1.3769266768394175,-0.5749783463903388,0.20286831442229783,0.7551091298359056,0.6755561025485793,0.18903297382556905,0.07399251282180032,0
-1.401692331881768,-0.47752442179051835,0.0147138927687621,0.927215653065339,0.847366562462162,0.03291043617321124,0.13175384190745132,0
2.2575057585331275,0.2147747098198376,-1.0302203886396817,-0.9410807958494718,-1.6650309188354702,-0.5033989685984437,-0.35471624233800503,1
-1.3661753303989337,-0.5362126448406528,0.12845317831119424,0.8296863734064609,0.7513167107388,0.13315377976311585,0.0957880953507801,0
0.7343443192540691,-1.2033985437134431,-0.4004767076101871,0.8611210768030874,-1.5470292921710462,-1.1637157920554786,0.67265357537264,1
-1.3982353832262144,-0.5164385974666242,0.0897113424200569,0.8565826887306265,0.7764456041284455,0.09330835057384301,0.10905796469083369,0
-0.9005962686990328,-0.6000609790735505,0.15446377435932435,0.6564194953531958,0.7520989861122546,-0.9185231061556879,0.4681045972321758,0
1.0557296462676062,-1.0242081608326241,-1.614034852300435,-0.6843418117350202,-1.3190992851023355,-0.7259586515570386,0.7571274940762455,1
-0.8666741586165506,-1.0006653655372661,-0.610949090252444,1.1469860312717541,-1.6505903167284939,0.6228272865254025,0.009800070523531698,0
-1.2372430892333497,-0.9457795009955812,0.9197229280389878,0.11375589257523794,0.03819986966248032,0.7967927278549418,-0.14838829576660137,0
-0.8149168118200623,-1.0109257332917638,-0.5901139218621135,1.1434559198626424,-1.6509852723059517,0.6541125022611939,0.0009013092278049998,0
-0.23596901036171697,-0.42920685900000155,0.6740232131149382,0.31027411907711894,0.42916211866305454,-0.44990869214356505,0.1050431246073776,0
2.462341175760841,0.02931618519906127,-1.4735455603863703,-0.3975642571818914,-1.08978892101776,-0.6824727391808992,-0.07682854543663477,1
-0.5943747042630646,6.535659203075917,1.0022908224924223,1.0800815312413707,-0.25479214442653586,-0.11755683568526541,0.7915901180483714,0
-0.9778085851667464,-1.5705393638256508,2.1280479239544876,-0.9597060896462573,-1.0270066837168228,1.8280775075961382,-0.5244564056163877,0
-0.5210022401286258,1.0270586597721882,-2.6806556904457106,0.39060356283563474,-0.7909338285521389,-0.039423451915188666,-0.38077630890124947,0
0.5465060152739017,-0.13093093444079115,-0.8487508364603633,-1.0922090865867717,0.9763398461438852,-1.3415782906946587,0.6525218701046039,1
0.008399819953063698,0.01867287299576604,0.07797829686547814,-1.7858347446582745,-0.035146148913769326,0.22589086661204044,-0.4382427158455447,0
-1.1219961849698161,0.12272230744680539,-1.2389057231234097,-0.642048600764143,1.03290103876876,0.3345874277108507,0.0949537534097349,1
3.8271781903388042,0.41363060826321635,0.5546133499091215,-1.46156122504729,0.6629960757655664,0.0818000502942253,-0.8018430059985621,1
0.34609408845840495,-1.4496328094500464,1.7096028758759996,-0.7318603206561823,-0.4230248714721536,-0.5358103277805278,0.34139012665904844,1
-0.32449462996389783,0.5654719328146769,-2.1735614449136667,-0.14180391960324928,-1.198301046807853,0.5683793477221438,-0.21981911325426554,1
-0.985267013989107,0.9320706521745447,1.1629737814280219,-0.01468053241282278,-0.3729493067711213,0.39422842560236754,-1.4201892713895374,0
-0.819301201196099,0.23501354138530095,0.48070270510658236,0.38138499846650237,0.33157440854699566,-0.9740503648950962,-0.2302906415209826,0
0.5651108267248073,-1.1721775652798503,0.30470982666995783,-2.126759569047122,-0.049717627084834945,-0.27885609316046334,0.48854260825343687,1
-0.7556048913762605,-0.7570883176092197,0.4598291883828383,0.41029917030922425,0.513092280462633,-0.6352169750874009,0.3690100365527551,0
-0.35081945247055557,-0.8897938603655268,-0.1514647225442596,-1.6847525316812597,0.19264240012784056,0.30345213183904035,0.26838474050291555,1
0.019465719228068126,0.13715929295625606,-1.8264234151856646,-0.5034718720077025,-1.4954836286514193,-0.32609377413115864,-0.13013099006153872,1
0.9737629727788419,-1.067411324469157,0.9867695928294556,0.15830932867116806,0.5117572956914274,-0.9291751809818948,0.5263868137742306,0
-1.3896001260064919,1.1019107000907231,-0.33820732361658234,1.2336651739154114,0.9920860466331008,-0.6625896453202761,-0.4850390519958868,1
1.1095837127524721,0.2174671883024345,0.47577603910054284,-2.178204693427753,-0.2306855414245499,-0.5013975724187255,-0.40077894494918986,1
-0.5023315241444238,-1.0908644538416428,1.0011290254388459,-0.3230530022562306,-0.06313059835738481,-1.339324870169732,0.5974412632180525,0
-1.1503124541700704,-1.0438830384476205,1.110425122620044,-0.041093384923037726,-0.11243586558468074,0.9726858402063964,-0.2100886478590001,0
0.2955951697698734,0.1274100484830485,-1.7748128732352277,-0.4700201550971998,-1.44452651612585,-0.2236466226622159,-0.1758880952098144,1
-0.7314446618741309,-0.4015906374987538,-2.6368361818333756,0.31946628436559205,-0.7110104323022874,0.36392181251453953,0.34769550472455024,1
-1.3352506308134071,-0.5170967767927885,0.09229271294394137,0.874067506538627,0.7978995608428999,0.11333964073210107,0.10506699761025508,0
2.485128655403026,-1.071297930319813,-0.524968285141719,-1.355963096674301,-1.9210916665978242,0.3266802771029459,0.10408256918562055,1
-0.1817489407059752,-0.15870922677356614,-0.739601870292564,-1.1252611572772506,0.7512016244154247,-0.23499785827775568,0.27438671559843963,1
-1.2967949029106765,-0.7702059649294094,0.5804312888064668,0.4193908938614345,0.3423583566103816,0.5110100357898466,-0.04346911373746308,0
-1.0344940562690996,-0.33769082716161025,-1.122110881661225,-0.6771220057411576,1.0188029726549137,0.5445361374162132,0.19084803698774233,0
-0.8060750614966463,-0.8343170157852612,0.6074722559399062,0.25310319626079003,0.3517041204329055,-0.5326712284274078,0.3272543672876853,0
-0.06446561434312584,3.4014983141731667,-0.03009948927320234,-1.0442136684076686,-1.4261058954248897,2.03908880418739,2.628090897151699,0
0.4701697541000634,-0.607453705978675,-0.7845899066718756,-1.1150224964906432,0.963371211152199,-1.1688786446910366,0.8204725065225829,1
-0.6210381108764341,1.2441277398965906,-0.6704191940173965,-1.0670187567036764,0.4713247239628248,0.48988203198128455,-0.840967662637291,0
0.7284280534228798,-1.1644586686155014,-0.4755749500505757,0.931071324907271,-1.476946029981428,-1.2248958528335934,0.6955052848107505,1
-1.076390304488536,-0.8514732166492528,-0.08053867130658537,0.8473155896919576,-0.5892094615386876,0.5167321301796466,0.002494073907834723,0
